phi_rad,classical_fi,mean_counts
0.0,0.0,0.243875
0.006283185307179587,1.0686520780423854e-06,0.24387339619456114
0.012566370614359173,4.274523891257796e-06,0.24386858484156007
0.01884955592153876,9.617362178580849e-06,0.24386056613094073
0.025132741228718346,1.709674484380215e-05,0.24384934037926811
0.031415926535897934,2.671208096391797e-05,0.2438349080297157
0.03769911184307752,3.8462610800820504e-05,0.24381726965204784
0.04398229715025711,5.234740581632903e-05,0.24379642594259762
0.05026548245743669,6.836536869056324e-05,0.24377237772423893
0.05654866776461628,8.651523334365945e-05,0.24374512594635422
0.06283185307179587,0.00010679556496083049,0.24371467168479707
0.06911503837897545,0.0001292047600207717,0.24368101614184953
0.07539822368615504,0.00015374104632741322,0.24364416064617486
0.08168140899333462,0.00018040248304502122,0.2436041066527649
0.08796459430051422,0.00020918696073665002,0.24356085574288278
0.0942477796076938,0.0002400922014059463,0.24351440962400026
0.10053096491487339,0.00027311575854230854,0.24346477012973064
0.10681415022205297,0.00030825501716940436,0.24341193921975615
0.11309733552923255,0.00034550719389704745,0.24335591897975067
0.11938052083641215,0.00038486933697643843,0.24329671162129735
0.12566370614359174,0.00042633832635877015,0.24323431948180133
0.13194689145077132,0.0004699108737572054,0.24316874502439742
0.1382300767579509,0.0005155835227122256,0.2430999908378529
0.1445132620651305,0.0005633526486603562,0.24302805963646537
0.15079644737231007,0.0006132144590062753,0.2429529542599555
0.15707963267948966,0.0006651649931983048,0.24287467767335494
0.16336281798666924,0.000719200122807294,0.24279323296688926
0.16964600329384885,0.0007753155516088947,0.2427086233558561
0.17592918860102844,0.000833506815669237,0.24262085218049795
0.18221237390820802,0.0008937692834340118,0.24252992290587053
0.1884955592153876,0.0009560981558209608,0.24243583912170596
0.1947787445225672,0.001020488466315783,0.24233860454227088
0.20106192982974677,0.0010869350810714645,0.24223822300622005
0.20734511513692636,0.0011554326990110366,0.24213469847644462
0.21362830044410594,0.0012259758519337681,0.2420280350399157
0.21991148575128552,0.0012985589046248009,0.24191823690752323
0.2261946710584651,0.001373176054968234,0.2418053084139094
0.2324778563656447,0.0014498213340636676,0.2416892540172978
0.2387610416728243,0.0015284886063462073,0.24157007829931726
0.2450442269800039,0.001609171569709945,0.24144778596482108
0.25132741228718347,0.001691863755634924,0.24132238184170127
0.25761059759436306,0.0017765585293175918,0.24119387088069785
0.26389378290154264,0.0018632490898047541,0.24106225815520352
0.2701769682087222,0.0019519284701310384,0.2409275488610633
0.2764601535159018,0.002042589537459883,0.24078974831636946
0.2827433388230814,0.002135224993228052,0.2406488619612516
0.289026524130261,0.0022298273732936926,0.24050489535766179
0.29530970943744056,0.002326389048087954,0.24035785418915498
0.30159289474462014,0.0024249022227701613,0.24020774426066474
0.3078760800517997,0.0025253589373865713,0.24005457149827403
0.3141592653589793,0.0026277510670327294,0.23989834194898121
0.3204424506661589,0.0027320703220194116,0.23973906178046142
0.3267256359733385,0.002838308248042203,0.239576737280823
0.33300882128051806,0.0029464562263546985,0.23941137485835914
0.3392920065876977,0.003056505473945355,0.2392429810412952
0.3455751918948773,0.0031684470437180067,0.2390715624775308
0.35185837720205687,0.0032822718246760573,0.23889712593437726
0.35814156250923646,0.0033979705421103767,0.23871967829829063
0.36442474781641604,0.0035155337577908964,0.23853922657459972
0.3707079331235956,0.0036349518701619433,0.23835577788722961
0.3769911184307752,0.0037562151145413354,0.23816933947842042
0.3832743037379548,0.0038793135633232215,0.2379799187084412
0.3895574890451344,0.004004237126184731,0.2377875230552997
0.39584067435231396,0.00413097555029642,0.23759216011444684
0.40212385965949354,0.0042595184205365625,0.23739383759847693
0.4084070449666731,0.004389855159709263,0.23719256333682345
0.4146902302738527,0.004521975028766494,0.23698834527544954
0.4209734155810323,0.004655867127033984,0.2367811914765346
0.4272566008882119,0.004791520392441052,0.2365711101181559
0.43353978619539146,0.004928923601754397,0.23635810949396577
0.43982297150257105,0.005068065370815837,0.2361421980128641
0.44610615680975063,0.005208934154784079,0.23592338419866646
0.4523893421169302,0.005351518248380489,0.23570167668976763
0.4586725274241098,0.005495805786138949,0.23547708423880043
0.4649557127312894,0.005641784742659775,0.23524961571229017
0.471238898038469,0.005789442932867765,0.23501928009030487
0.4775220833456486,0.005938768012274398,0.23478608646610047
0.4838052686528282,0.006089747477244216,0.23455004404576196
0.4900884539600078,0.0062423686652654095,0.23431116214783995
0.49637163926718736,0.00639661875522467,0.23406945020298267
0.5026548245743669,0.0065524847676863215,0.2338249177535639
0.5089380098815465,0.006709953565175759,0.23357757445330599
0.5152211951887261,0.006869011852467292,0.23332743006689896
0.5215043804959056,0.007029646176876329,0.2330744944696148
0.5277875658030853,0.007191842928556064,0.23281877764691786
0.5340707511102648,0.0073555883407985904,0.23256028969407042
0.5403539364174444,0.007520868490340591,0.23229904081573424
0.5466371217246241,0.007687669297673549,0.23203504132556774
0.5529203070318036,0.00785597652735862,0.2317683016458187
0.5592034923389833,0.008025775788346139,0.231498832306913
0.5654866776461628,0.008197052534299861,0.23122664394703873
0.5717698629533424,0.008369792063925924,0.23095174731172624
0.578053048260522,0.008543979521306673,0.23067415325342402
0.5843362335677016,0.008719599896239327,0.23039387273107015
0.5906194188748811,0.008896638024579543,0.23011091680965978
0.5969026041820608,0.009075078588590035,0.22982529665980814
0.6031857894892403,0.00925490611729411,0.2295370235573097
0.6094689747964199,0.009436104986834414,0.229246108882693
0.6157521601035995,0.009618659420836747,0.2289525641207712
0.6220353454107791,0.009802553490779176,0.22865640086018887
0.6283185307179586,0.009987771116366334,0.22835763079296448
0.6346017160251383,0.010174296065909168,0.22805626571402865
0.6408849013323178,0.010362111956710033,0.22775231752075872
0.6471680866394974,0.010551202255453319,0.22744579821250888
0.653451271946677,0.010741550278601601,0.22713671989013665
0.6597344572538566,0.010933139192797484,0.22682509475552481
0.6660176425610361,0.011125952015271083,0.22651093511110026
0.6723008278682158,0.011319971614253365,0.22619425335934776
0.6785840131753954,0.011515180709395318,0.22587506200232063
0.6848671984825749,0.011711561872193087,0.2255533736411471
0.6911503837897546,0.011909097526419192,0.22522920097553284
0.6974335690969341,0.012107769948559775,0.22490255680325968
0.7037167544041137,0.012307561268258188,0.22457345401968012
0.7099999397112933,0.012508453468764794,0.22424190561720866
0.7162831250184729,0.012710428387393247,0.22390792468480844
0.7225663103256524,0.012913467715983189,0.22357152440747483
0.7288494956328321,0.013117553001369681,0.2232327180657148
0.7351326809400116,0.013322665645859183,0.22289151903502252
0.7414158662471912,0.013528786907712503,0.22254794078535162
0.7476990515543708,0.013735897901634531,0.222201996880583
0.7539822368615504,0.013943979599271123,0.2218537009779897
0.7602654221687299,0.014153012829713017,0.22150306682769755
0.7665486074759096,0.014362978280007124,0.2211501082721424
0.7728317927830891,0.014573856495675122,0.22079483924552376
0.7791149780902688,0.014785627881239601,0.22043727377325445
0.7853981633974483,0.014998272700757806,0.22007742597140698
0.7916813487046279,0.015211771078363181,0.2197153100461565
0.7979645340118074,0.015426102998814781,0.21935094029321967
0.8042477193189871,0.015641248308054755,0.21898433109729037
0.8105309046261667,0.0158571867137739,0.21861549693147206
0.8168140899333463,0.0160738977859857,0.21824445235670595
0.8230972752405259,0.01629136095760865,0.21787121202119653
0.8293804605477054,0.016509555525057312,0.2174957906598332
0.8356636458548851,0.0167284606488421,0.2171182030936085
0.8419468311620646,0.01694805535417797,0.21673846422903295
0.8482300164692442,0.01716831853160223,0.2163565890575467
0.8545132017764238,0.01738922893760156,0.21597259265492771
0.8607963870836034,0.01761076519524854,0.2155864901806964
0.8670795723907829,0.017832905794847656,0.21519829687751735
0.8733627576979626,0.018055629094591165,0.21480802807059748
0.8796459430051421,0.018278913321224916,0.21441569916708103
0.8859291283123217,0.018502736570724262,0.21402132565544135
0.8922123136195013,0.018727076808980333,0.2136249231048694
0.8984954989266809,0.018951911872496903,0.21322650716465913
0.9047786842338604,0.019177219469097874,0.21282609356358964
0.9110618695410401,0.019402977178645763,0.21242369810930434
0.9173450548482196,0.01962916245377136,0.2120193366876867
0.9236282401553992,0.01985575262061472,0.21161302526223325
0.9299114254625788,0.02008272487957767,0.2112047798734234
0.9361946107697584,0.020310056306088283,0.21079461663808607
0.942477796076938,0.020537723851377233,0.2103825517487634
0.9487609813841176,0.020765704343266467,0.20996860147307178
0.9550441666912972,0.020993974486970515,0.20955278215305922
0.9613273519984767,0.021222510865910323,0.2091351102045605
0.9676105373056564,0.02145128994254031,0.20871560211654894
0.9738937226128359,0.02168028805918863,0.2082942744504856
0.9801769079200155,0.02190948143891088,0.20787114383966526
0.9864600932271951,0.02213884618635775,0.20744622698855997
0.9927432785343747,0.022368358288656652,0.20701954067215936
0.9990264638415542,0.022597993616307745,0.20659110173530865
1.0053096491487339,0.022827727924094623,0.20616092709204345
1.0115928344559135,0.02305753685200988,0.20572903372492213
1.017876019763093,0.023287395926196,0.2052954386843553
1.0241592050702726,0.023517280559901762,0.20486015908793262
1.0304423903774522,0.023747166054454427,0.2044232121197474
1.0367255756846319,0.023977027600248245,0.20398461502971765
1.0430087609918113,0.024206840277749362,0.20354438513290554
1.049291946298991,0.024436579058517642,0.2031025398088336
1.0555751316061706,0.024666218806245588,0.20265909650079866
1.0618583169133502,0.024895734277814854,0.20221407271518324
1.0681415022205296,0.025125100124370685,0.20176748602076436
1.0744246875277093,0.02535429089241445,0.20131935404802004
1.080707872834889,0.025583281024914972,0.20086969448843325
1.0869910581420685,0.025812044862438738,0.2004185250937935
1.0932742434492482,0.02604055664429956,0.19996586367549585
1.0995574287564276,0.02626879050972788,0.19951172810383816
1.1058406140636072,0.026496720499060548,0.1990561363073151
1.1121237993707869,0.026724320554950755,0.1985991062719107
1.1184069846779665,0.026951564523599352,0.1981406560403883
1.124690169985146,0.02717842615600743,0.1976808037115779
1.1309733552923256,0.027404879109250754,0.19721956743966215
1.1372565405995052,0.027630896947776543,0.19675696543345925
1.1435397259066848,0.027856453144722994,0.1962930159557043
1.1498229112138643,0.028081521083262034,0.19582773732232836
1.156106096521044,0.028306074057965806,0.1953611479017351
1.1623892818282235,0.028530085276197204,0.1948932661140759
1.1686724671354032,0.028753527859525126,0.19442411043052266
1.1749556524425826,0.028976374845164944,0.19395369937253848
1.1812388377497622,0.029198599187444548,0.19348205151114634
1.1875220230569419,0.029420173759296543,0.19300918546619628
1.1938052083641215,0.02964107135377721,0.19253511990563008
1.200088393671301,0.029861264685612673,0.19205987354474433
1.2063715789784806,0.030080726392772855,0.1915834651454516
1.2126547642856602,0.030299429038073686,0.1911059135155398
1.2189379495928399,0.030517345110808298,0.1906272375079295
1.2252211349000195,0.030734447028407733,0.1901474560199299
1.231504320207199,0.030950707138131434,0.18966658799249264
1.2377875055143785,0.031166097718788793,0.18918465240946405
1.2440706908215582,0.03138059098249158,0.18870166829683577
1.2503538761287378,0.03159415907643842,0.1882176547219935
1.2566370614359172,0.03180677408473177,0.18773263079296448
1.2629202467430969,0.03201840803022801,0.18724661565766287
1.2692034320502765,0.032229032876421156,0.18675962850313405
1.2754866173574562,0.03243862052936128,0.18627168855479706
1.2817698026646356,0.03264714283960782,0.18578281507568556
1.2880529879718152,0.03285457160421879,0.18529302736568737
1.2943361732789949,0.03306087856877639,0.18480234476078267
1.3006193585861745,0.03326603542944979,0.1843107866322805
1.306902543893354,0.033470013835095874,0.18381837238605414
1.3131857292005336,0.03367278538939858,0.1833251214617748
1.3194689145077132,0.03387432165304745,0.18283105333214444
1.3257520998148928,0.034074594145956504,0.18233618750212685
1.3320352851220723,0.034273574349523744,0.1818405435081776
1.338318470429252,0.034471233708932444,0.18134414091747297
1.3446016557364315,0.03466754363549471,0.18084699932713721
1.3508848410436112,0.03486247550903832,0.18034913836346905
1.3571680263507908,0.03505600068033752,0.1798505776811669
1.3634512116579702,0.0352480904735886,0.17935133696255284
1.3697343969651499,0.035438716188931164,0.17885143591679556
1.3760175822723295,0.035627849105015784,0.1783508942791324
1.3823007675795091,0.035815460481619064,0.1778497318100901
1.3885839528866886,0.03600152156230677,0.1773479682947049
1.3948671381938682,0.03618600357714609,0.1768456235417412
1.4011503235010478,0.03636887774546779,0.17634271738290963
1.4074335088082275,0.036550115278679164,0.1758392696720843
1.413716694115407,0.036729687383128665,0.17533530028451874
1.4199998794225865,0.03690756526302326,0.1748308291160615
1.4262830647297662,0.03708372012339928,0.17432587608237046
1.4325662500369458,0.03725812317314776,0.17382046111812682
1.4388494353441252,0.0374307456280952,0.17331460417624794
1.4451326206513049,0.037601558714140726,0.1728083252270997
1.4514158059584845,0.037770533670450586,0.17230164425770816
1.4576989912656642,0.037937641752711006,0.17179458127097036
1.4639821765728436,0.0381028542364403,0.17128715628486488
1.4702653618800232,0.038266142420361374,0.1707793893316612
1.4765485471872029,0.038427477629835324,0.17027130045712927
1.4828317324943825,0.038586831220357685,0.16976290971974786
1.4891149178015621,0.03874417458111766,0.16925423718991278
1.4953981031087415,0.038899479138621976,0.16874530294914453
1.5016812884159212,0.03905271636038403,0.16823612708929545
1.5079644737231008,0.039203857758679427,0.1677267297117567
1.5142476590302805,0.03935287489436913,0.1672171309266645
1.5205308443374599,0.03949973938079114,0.16670735085210628
1.5268140296446395,0.039644422887721645,0.16619740961332652
1.5330972149518192,0.03978689714540711,0.16568732734193214
1.5393804002589988,0.039927133948667884,0.1651771241750979
1.5456635855661782,0.04006510516107478,0.16466682025477117
1.5519467708733579,0.04020078271919966,0.1641564357268769
1.5582299561805375,0.04033413863694084,0.1636459907405224
1.5645131414877171,0.040465145009924715,0.16313550544720165
1.5707963267948966,0.04059377401998463,0.162625
1.5770795121020762,0.04071999793971803,0.16211449455279833
1.5833626974092558,0.04084378913712296,0.16160400925947757
1.5896458827164355,0.04096512008031509,0.16109356427312307
1.595929068023615,0.04108396334232648,0.16058317974522884
1.6022122533307945,0.041200291605986816,0.16007287582490207
1.6084954386379742,0.04131407766888855,0.1595626726580678
1.6147786239451538,0.04142529444843714,0.15905259038667346
1.6210618092523335,0.0415339149869869,0.1585426491478937
1.6273449945595129,0.04163991245706415,0.1580328690733355
1.6336281798666925,0.04174326016667865,0.15752327028824328
1.6399113651738721,0.0418439315647239,0.1570138729107045
1.6461945504810518,0.04194190024646812,0.15650469705085546
1.6524777357882312,0.04203713995913638,0.1559957628100872
1.6587609210954108,0.042129624607585195,0.15548709028025212
1.6650441064025905,0.042219328260070556,0.1549786995428707
1.6713272917097701,0.04230622515411055,0.15447061066833878
1.6776104770169495,0.042390289702443275,0.15396284371513513
1.6838936623241292,0.04247149649908151,0.15345541872902962
1.6901768476313088,0.04254982032546464,0.15294835574229182
1.6964600329384885,0.04262523615670907,0.15244167477290027
1.7027432182456679,0.04269771916795826,0.15193539582375204
1.7090264035528475,0.04276724474083269,0.15142953888187316
1.7153095888600272,0.042833788469981454,0.1509241239176295
1.7215927741672068,0.04289732616973559,0.15041917088393847
1.7278759594743862,0.042957833880864736,0.14991469971548124
1.7341591447815659,0.043015287877437226,0.1494107303279157
1.7404423300887455,0.04306966467378502,0.14890728261709035
1.7467255153959251,0.04312094103157394,0.1484043764582588
1.7530087007031048,0.043169093966979835,0.14790203170529506
1.7592918860102842,0.043214100757971795,0.14740026818990987
1.7655750713174638,0.04325593895170258,0.1468991057208676
1.7718582566246435,0.04329458637200721,0.14639856408320442
1.778141441931823,0.04333002112701028,0.14589866303744714
1.7844246272390025,0.04336222161684229,0.14539942231883304
1.7907078125461822,0.04339116654146579,0.1449008616365309
1.7969909978533618,0.04341683490861159,0.14440300067286277
1.8032741831605414,0.043439206041825454,0.143905859082527
1.8095573684677209,0.043458259588625654,0.14340945649182238
1.8158405537749005,0.04347397552877166,0.14291381249787313
1.8221237390820801,0.0434863341826441,0.14241894666785554
1.8284069243892598,0.0434953162197363,0.1419248785382252
1.8346901096964392,0.04350090266725729,0.14143162761394587
1.8409732950036188,0.04350307491884658,0.14093921336771947
1.8472564803107985,0.04350181474340029,0.14044765523921732
1.8535396656179781,0.043497104294008916,0.13995697263431262
1.8598228509251575,0.0434889261170062,0.13946718492431442
1.8661060362323372,0.04347726316112895,0.13897831144520292
1.8723892215395168,0.043462098786787674,0.13849037149686588
1.8786724068466965,0.04344341677544686,0.1380033843423371
1.884955592153876,0.043421201339115575,0.1375173692070355
1.8912387774610555,0.043395437129946306,0.13703234527800648
1.8975219627682351,0.04336610924994245,0.13654833170316422
1.9038051480754148,0.04333320326077319,0.1360653475905359
1.9100883333825944,0.04329670519369459,0.13558341200750731
1.9163715186897738,0.04325660155957628,0.13510254398007007
1.9226547039969535,0.043212879359032334,0.13462276249207047
1.9289378893041331,0.04316552609265505,0.1341440864844602
1.9352210746113128,0.04311452977135035,0.13366653485454835
1.9415042599184922,0.04305987892677311,0.13319012645525566
1.9477874452256718,0.04300156262186108,0.1327148800943699
1.9540706305328515,0.042939570461464974,0.1322408145338037
1.960353815840031,0.04287389260307372,0.13176794848885365
1.9666370011472105,0.042804519767631825,0.13129630062746153
1.9729201864543902,0.04273144325044745,0.13082588956947727
1.9792033717615698,0.042654654932188237,0.13035673388592406
1.9854865570687494,0.04257414728996281,0.1298888520982649
1.9917697423759289,0.04248991340848497,0.12942226267767165
1.9980529276831085,0.04240194699131779,0.12895698404429565
2.004336112990288,0.042310242372194794,0.12849303456654074
2.0106192982974678,0.04221479452641479,0.12803043256033783
2.0169024836046474,0.04211559908230708,0.12756919628842206
2.023185668911827,0.04201265233276359,0.12710934395961168
2.0294688542190067,0.04190595124683408,0.12665089372808921
2.035752039526186,0.041795493481380466,0.1261938636926849
2.0420352248333655,0.04168127739278637,0.12573827189616182
2.048318410140545,0.041563302048717256,0.1252841363245041
2.054601595447725,0.041441567239926876,0.12483147490620651
2.0608847807549044,0.04131607349210531,0.12438030551156673
2.067167966062084,0.0411868220777633,0.12393064595197993
2.0734511513692637,0.04105381502814821,0.12348251397923563
2.0797343366764434,0.040917055145185934,0.12303592728481673
2.0860175219836226,0.04077654601344305,0.12259090349920133
2.092300707290802,0.04063229201210374,0.12214746019116637
2.098583892597982,0.04048429832695506,0.12170561486709444
2.1048670779051615,0.040332570962374324,0.12126538497028233
2.111150263212341,0.040177116753312245,0.12082678788025261
2.1174334485195208,0.040017943377264734,0.12038984091206735
2.1237166338267004,0.03985505936622649,0.11995456131564472
2.12999981913388,0.0396884741186191,0.11952096627507784
2.1362830044410592,0.03951819791118594,0.11908907290795653
2.142566189748239,0.039344241910846074,0.11865889826469135
2.1488493750554185,0.03916661818649947,0.11823045932784064
2.155132560362598,0.03898533972077439,0.11780377301144006
2.161415745669778,0.03880042042170922,0.11737885616033472
2.1676989309769574,0.038611875134359104,0.11695572554951437
2.173982116284137,0.038419719652318884,0.11653439788345103
2.1802653015913167,0.03822397072915239,0.11611488979543949
2.1865484868984963,0.03802464608971875,0.11569721784694074
2.1928316722056755,0.03782176444138542,0.11528139852692822
2.199114857512855,0.03761534548511805,0.11486744825123658
2.205398042820035,0.03740540992643642,0.11445538336191394
2.2116812281272145,0.03719197948622566,0.11404522012657659
2.217964413434394,0.036975076911391666,0.11363697473776674
2.2242475987415737,0.03675472598534955,0.11323066331231331
2.2305307840487534,0.036530951538333314,0.11282630189069566
2.236813969355933,0.036303779457514784,0.11242390643641031
2.243097154663112,0.0360732366969198,0.11202349283534088
2.249380339970292,0.03583935128712932,0.11162507689513058
2.2556635252774715,0.03560215234475233,0.11122867434455863
2.261946710584651,0.03536167008165799,0.11083430083291897
2.2682298958918308,0.03511793581395372,0.11044197192940251
2.2745130811990104,0.03487098197069548,0.11005170312248264
2.28079626650619,0.03462084210231698,0.1096635098193036
2.2870794518133697,0.03436755088876342,0.10927740734507228
2.2933626371205493,0.03411114414731585,0.10889341094245328
2.2996458224277285,0.0338516588400916,0.10851153577096706
2.305929007734908,0.03358913308120614,0.1081317969063915
2.312212193042088,0.03332360614358159,0.10775420934016677
2.3184953783492674,0.033055118465386765,0.10737878797880344
2.324778563656447,0.032783711656093395,0.10700554764329405
2.3310617489636267,0.032509428502133245,0.10663450306852794
2.3373449342708064,0.0322323129721405,0.10626566890270958
2.343628119577986,0.03195241022176355,0.10589905970678035
2.349911304885165,0.031669766598030356,0.10553468995384352
2.356194490192345,0.031384429643251145,0.10517257402859302
2.3624776754995245,0.031096448098442704,0.10481272622674558
2.368760860806704,0.03080587190625741,0.10445516075447622
2.3750440461138838,0.03051275221340114,0.10409989172785757
2.3813272314210634,0.030217141372523217,0.10374693317230246
2.387610416728243,0.029919092943562268,0.1033962990220103
2.3938936020354227,0.029618661694531145,0.10304800311941699
2.400176787342602,0.029315903601724595,0.1027020592146484
2.4064599726497815,0.02901087584933289,0.10235848096497745
2.412743157956961,0.02870363682844523,0.10201728193428519
2.419026343264141,0.028394246135426092,0.10167847559252516
2.4253095285713204,0.02808276456964836,0.10134207531519156
2.4315927138785,0.02776925413056671,0.10100809438279135
2.4378758991856797,0.02745377801411531,0.10067654598031986
2.4441590844928593,0.0271364006084135,0.10034744319674031
2.450442269800039,0.026817187488763695,0.1000207990244671
2.456725455107218,0.026496205411925784,0.09969662635885289
2.463008640414398,0.026173522309652496,0.09937493799767935
2.4692918257215775,0.02584920728147056,0.09905574664065223
2.475575011028757,0.02552333058669264,0.09873906488889972
2.4818581963359367,0.025195963635645306,0.09842490524447516
2.4881413816431164,0.02486717898009891,0.09811328010986338
2.494424566950296,0.02453705030288519,0.09780420178749111
2.5007077522574757,0.024205652406689274,0.09749768247924127
2.506990937564655,0.023873061202002662,0.09719373428597136
2.5132741228718345,0.023539353694224743,0.09689236920703552
2.519557308179014,0.023204607969900624,0.09659359913981112
2.5258404934861938,0.022868903182083587,0.0962974358792288
2.5321236787933734,0.022532319534810982,0.09600389111730699
2.538406864100553,0.02219493826668334,0.09571297644269028
2.5446900494077327,0.021856841633536524,0.09542470334019185
2.5509732347149123,0.02151811289019799,0.09513908319034023
2.557256420022092,0.021178836271318485,0.09485612726892982
2.563539605329271,0.02083909697127154,0.094575846746576
2.569822790636451,0.020498981123113512,0.09429825268827376
2.5761059759436304,0.020158575776598544,0.09402335605296128
2.58238916125081,0.019817968875242366,0.09375116769308699
2.5886723465579897,0.019477249232430993,0.09348169835418128
2.5949555318651694,0.019136506506570554,0.09321495867443227
2.601238717172349,0.018795831175275658,0.09295095918426576
2.6075219024795286,0.01845531450859453,0.09268971030592958
2.613805087786708,0.018115048541270547,0.09243122235308214
2.6200882730938875,0.0177751260440401,0.09217550553038519
2.626371458401067,0.017435640493968875,0.09192256993310104
2.6326546437082468,0.017096686043828458,0.091672425546694
2.6389378290154264,0.016758357490517416,0.0914250822464361
2.645221014322606,0.01642075024253148,0.0911805497970173
2.6515041996297857,0.01608396028648892,0.09093883785216005
2.6577873849369653,0.01574808415271845,0.09069995595423799
2.6640705702441445,0.015413218879917992,0.09046391353389953
2.670353755551324,0.015079461978894045,0.09023071990969513
2.676636940858504,0.014746911395392973,0.09000038428770982
2.6829201261656834,0.014415665472036078,0.08977291576119958
2.689203311472863,0.014085822909372539,0.08954832331023235
2.6954864967800427,0.013757482726064875,0.08932661580133353
2.7017696820872223,0.01343074421822352,0.08910780198713592
2.708052867394402,0.013105706917908038,0.08889189050603424
2.7143360527015816,0.012782470550814119,0.08867888988184411
2.720619238008761,0.012461134993166907,0.08846880852346539
2.7269024233159405,0.012141800227842187,0.08826165472455046
2.73318560862312,0.011824566299739249,0.08805743666317654
2.7394687939302997,0.011509533270429391,0.08785616240152304
2.7457519792374794,0.011196801172106573,0.08765783988555317
2.752035164544659,0.010886469960867411,0.0874624769447003
2.7583183498518387,0.010578639469349385,0.08727008129155876
2.7646015351590183,0.01027340935875736,0.08708066052157958
2.7708847204661975,0.009970879070310001,0.08689422211277037
2.777167905773377,0.009671147776138821,0.08671077342540026
2.7834510910805568,0.009374314329674255,0.08653032170170938
2.7897342763877364,0.009080477215554038,0.08635287406562273
2.796017461694916,0.008789734499090663,0.08617843752246918
2.8023006470020957,0.008502183775336089,0.08600701895870476
2.8085838323092753,0.008217922117782718,0.08583862514164087
2.814867017616455,0.0079370460267412,0.08567326271917702
2.8211502029236346,0.0076596513774365,0.08551093821953855
2.827433388230814,0.007385833367865007,0.08535165805101877
2.8337165735379934,0.007115686466456225,0.08519542850172598
2.839999758845173,0.00684930435958407,0.08504225573933526
2.8462829441523527,0.006586779898973145,0.08489214581084502
2.8525661294595324,0.006328205049046862,0.0847451046423382
2.858849314766712,0.0060736708342647395,0.08460113803874839
2.8651325000738916,0.005823267286497299,0.08446025168363053
2.8714156853810713,0.005577083392487415,0.0843224511389367
2.8776988706882505,0.005335207041447966,0.08418774184479651
2.88398205599543,0.005097724972845949,0.08405612911930214
2.8902652413026098,0.004864722724424118,0.08392761815829873
2.8965484266097894,0.004636284580511231,0.0838022140351789
2.902831611916969,0.004412493520672769,0.08367992170068274
2.9091147972241487,0.004193431168754143,0.08356074598270222
2.9153979825313283,0.0039791777423686565,0.08344469158609061
2.921681167838508,0.0037698120028826915,0.08333176309247678
2.927964353145687,0.003565411205950652,0.08322196496008429
2.934247538452867,0.003366051052652123,0.0831153015235554
2.9405307237600464,0.003171805641283914,0.08301177699377994
2.946813909067226,0.00298274741985898,0.08291139545772912
2.9530970943744057,0.0027989471393644696,0.08281416087829403
2.9593802796815853,0.002620473807830498,0.08272007709412946
2.965663464988765,0.002447394645260928,0.08262914781950206
2.9719466502959446,0.0022797750394768952,0.08254137664414392
2.9782298356031243,0.0021176785029232144,0.08245676703311072
2.9845130209103035,0.001961166630487131,0.08237532232664506
2.990796206217483,0.0018102990583780158,0.0822970457400445
2.9970793915246627,0.001665133424115949,0.08222194036353463
3.0033625768318424,0.0015257253276758367,0.0821500091621471
3.009645762139022,0.0013921282938330053,0.08208125497560259
3.0159289474462017,0.0012643937357548966,0.08201568051819867
3.0222121327533813,0.0011425709198823295,0.08195328837870265
3.028495318060561,0.0010267069321425123,0.08189408102024932
3.03477850336774,0.0009168466455346102,0.08183806078024385
3.0410616886749198,0.0008130326891271875,0.08178522987026936
3.0473448739820994,0.0007153054185054632,0.08173559037599976
3.053628059289279,0.0006237028877044729,0.08168914425711724
3.0599112445964587,0.0005382608226628111,0.08164589334723509
3.0661944299036383,0.0004590125962297497,0.08160583935382514
3.072477615210818,0.0003859892047567699,0.08156898385815047
3.0787608005179976,0.0003192192463026847,0.08153532831520294
3.0850439858251772,0.0002587289004796028,0.08150487405364577
3.0913271711323564,0.00020454190996502342,0.08147762227576108
3.097610356439536,0.0001566795637032945,0.08145357405740236
3.1038935417467157,0.0001151606818176796,0.08143273034795213
3.1101767270538954,8.000160225203134e-05,0.0814150919702843
3.116459912361075,5.1216169159051416e-05,0.08140065962073188
3.1227430976682546,2.8815723049851096e-05,0.08138943386905928
3.1290262829754343,1.2809092717335649e-05,0.08138141515843994
3.135309468282614,3.202588943692573e-06,0.08137660380543887
3.141592653589793,1.216683003407517e-33,0.081375
3.1478758388969728,3.202588943692776e-06,0.08137660380543887
3.1541590242041524,1.2809092717336054e-05,0.08138141515843994
3.160442209511332,2.8815723049851703e-05,0.08138943386905928
3.1667253948185117,5.1216169159052216e-05,0.08140065962073188
3.1730085801256913,8.000160225203235e-05,0.0814150919702843
3.179291765432871,0.00011516068181768085,0.08143273034795213
3.1855749507400506,0.0001566795637032959,0.08145357405740236
3.19185813604723,0.00020454190996502144,0.08147762227576108
3.1981413213544094,0.0002587289004796046,0.08150487405364577
3.204424506661589,0.0003192192463026867,0.08153532831520294
3.2107076919687687,0.00038598920475677213,0.08156898385815047
3.2169908772759483,0.00045901259622975206,0.08160583935382514
3.223274062583128,0.0005382608226628138,0.08164589334723509
3.2295572478903076,0.0006237028877044756,0.08168914425711724
3.2358404331974873,0.0007153054185054661,0.08173559037599976
3.242123618504667,0.0008130326891271906,0.08178522987026936
3.248406803811846,0.0009168466455346063,0.08183806078024385
3.2546899891190257,0.0010267069321425158,0.08189408102024932
3.2609731744262054,0.0011425709198823332,0.08195328837870265
3.267256359733385,0.0012643937357549007,0.08201568051819867
3.2735395450405647,0.0013921282938330099,0.08208125497560259
3.2798227303477443,0.001525725327675841,0.0821500091621471
3.286105915654924,0.0016651334241159536,0.08222194036353463
3.2923891009621036,0.0018102990583780203,0.0822970457400445
3.2986722862692828,0.0019611666304871255,0.08237532232664506
3.3049554715764624,0.0021176785029232187,0.08245676703311074
3.311238656883642,0.0022797750394769004,0.08254137664414392
3.3175218421908217,0.0024473946452609344,0.08262914781950206
3.3238050274980013,0.0026204738078305038,0.08272007709412946
3.330088212805181,0.002798947139364474,0.08281416087829406
3.3363713981123606,0.0029827474198589853,0.08291139545772912
3.3426545834195402,0.0031718056412839194,0.08301177699377994
3.3489377687267194,0.0033660510526521163,0.08311530152355538
3.355220954033899,0.0035654112059506434,0.08322196496008429
3.3615041393410787,0.0037698120028826975,0.08333176309247678
3.3677873246482584,0.0039791777423686635,0.08344469158609061
3.374070509955438,0.0041934311687541505,0.08356074598270222
3.3803536952626176,0.004412493520672775,0.08367992170068277
3.3866368805697973,0.004636284580511239,0.0838022140351789
3.392920065876977,0.004864722724424124,0.08392761815829873
3.3992032511841566,0.005097724972845956,0.08405612911930214
3.4054864364913358,0.005335207041447958,0.08418774184479651
3.4117696217985154,0.005577083392487424,0.0843224511389367
3.418052807105695,0.005823267286497307,0.08446025168363053
3.4243359924128747,0.0060736708342647465,0.08460113803874839
3.4306191777200543,0.006328205049046866,0.08474510464233821
3.436902363027234,0.0065867798989731555,0.08489214581084502
3.4431855483344136,0.006849304359584077,0.08504225573933526
3.4494687336415932,0.0071156864664562326,0.08519542850172598
3.4557519189487724,0.007385833367864998,0.08535165805101877
3.462035104255952,0.007659651377436508,0.08551093821953856
3.4683182895631317,0.00793704602674121,0.08567326271917702
3.4746014748703113,0.008217922117782729,0.08583862514164087
3.480884660177491,0.008502183775336099,0.08600701895870477
3.4871678454846706,0.008789734499090674,0.08617843752246918
3.4934510307918503,0.009080477215554047,0.08635287406562273
3.49973421609903,0.009374314329674269,0.08653032170170938
3.5060174014062095,0.009671147776138827,0.08671077342540029
3.5123005867133887,0.009970879070309992,0.08689422211277036
3.5185837720205684,0.010273409358757367,0.08708066052157958
3.524866957327748,0.010578639469349392,0.08727008129155878
3.5311501426349277,0.01088646996086742,0.0874624769447003
3.5374333279421073,0.011196801172106583,0.08765783988555317
3.543716513249287,0.011509533270429405,0.08785616240152305
3.5499996985564666,0.011824566299739258,0.08805743666317654
3.556282883863646,0.012141800227842198,0.08826165472455046
3.5625660691708254,0.012461134993166895,0.08846880852346539
3.568849254478005,0.01278247055081413,0.08867888988184411
3.5751324397851847,0.013105706917908052,0.08889189050603424
3.5814156250923643,0.01343074421822353,0.08910780198713592
3.587698810399544,0.013757482726064885,0.08932661580133353
3.5939819957067236,0.014085822909372547,0.08954832331023235
3.6002651810139032,0.014415665472036088,0.0897729157611996
3.606548366321083,0.014746911395392978,0.09000038428770984
3.612831551628262,0.015079461978894034,0.09023071990969513
3.6191147369354417,0.015413218879917985,0.0904639135338995
3.6253979222426214,0.01574808415271846,0.09069995595423802
3.631681107549801,0.01608396028648893,0.09093883785216005
3.6379642928569806,0.01642075024253149,0.09118054979701731
3.6442474781641603,0.016758357490517427,0.0914250822464361
3.65053066347134,0.01709668604382847,0.09167242554669401
3.6568138487785196,0.01743564049396888,0.09192256993310106
3.663097034085699,0.01777512604404011,0.09217550553038519
3.6693802193928784,0.01811504854127053,0.09243122235308213
3.675663404700058,0.01845531450859454,0.09268971030592958
3.6819465900072377,0.018795831175275668,0.09295095918426576
3.6882297753144173,0.019136506506570575,0.09321495867443227
3.694512960621597,0.019477249232431,0.0934816983541813
3.7007961459287766,0.019817968875242373,0.09375116769308699
3.7070793312359562,0.02015857577659855,0.09402335605296129
3.713362516543136,0.020498981123113515,0.09429825268827378
3.719645701850315,0.02083909697127153,0.09457584674657597
3.7259288871574947,0.021178836271318502,0.09485612726892984
3.7322120724646743,0.021518112890197994,0.09513908319034023
3.738495257771854,0.02185684163353653,0.09542470334019186
3.7447784430790336,0.022194938266683343,0.09571297644269028
3.7510616283862133,0.022532319534810996,0.096003891117307
3.757344813693393,0.022868903182083594,0.09629743587922882
3.7636279990005725,0.023204607969900638,0.09659359913981112
3.769911184307752,0.023539353694224746,0.09689236920703555
3.7761943696149314,0.023873061202002648,0.09719373428597135
3.782477554922111,0.02420565240668928,0.09749768247924127
3.7887607402292907,0.0245370503028852,0.09780420178749111
3.7950439255364703,0.024867178980098915,0.0981132801098634
3.80132711084365,0.02519596363564532,0.09842490524447517
3.8076102961508296,0.025523330586692653,0.09873906488889972
3.813893481458009,0.025849207281470575,0.09905574664065223
3.820176666765189,0.0261735223096525,0.09937493799767938
3.826459852072368,0.026496205411925777,0.09969662635885287
3.8327430373795477,0.026817187488763695,0.10002079902446713
3.8390262226867273,0.02713640060841352,0.10034744319674033
3.845309407993907,0.02745377801411533,0.10067654598031986
3.8515925933010866,0.02776925413056671,0.10100809438279136
3.8578757786082662,0.028082764569648366,0.10134207531519157
3.864158963915446,0.0283942461354261,0.10167847559252519
3.8704421492226255,0.02870363682844523,0.10201728193428522
3.8767253345298047,0.029010875849332877,0.10235848096497742
3.8830085198369844,0.029315903601724588,0.10270205921464837
3.889291705144164,0.029618661694531152,0.10304800311941699
3.8955748904513436,0.02991909294356228,0.10339629902201032
3.9018580757585233,0.03021714137252322,0.10374693317230248
3.908141261065703,0.030512752213401145,0.10409989172785758
3.9144244463728826,0.030805871906257436,0.10445516075447622
3.920707631680062,0.031096448098442704,0.10481272622674559
3.926990816987242,0.03138442964325115,0.10517257402859302
3.933274002294421,0.031669766598030356,0.10553468995384349
3.9395571876016007,0.03195241022176356,0.10589905970678035
3.9458403729087803,0.032232312972140506,0.10626566890270961
3.95212355821596,0.03250942850213325,0.10663450306852794
3.9584067435231396,0.0327837116560934,0.10700554764329405
3.9646899288303192,0.03305511846538678,0.10737878797880346
3.970973114137499,0.033323606143581604,0.10775420934016677
3.9772562994446785,0.033589133081206146,0.1081317969063915
3.9835394847518577,0.03385165884009159,0.10851153577096706
3.9898226700590373,0.03411114414731586,0.10889341094245329
3.996105855366217,0.03436755088876343,0.1092774073450723
4.002389040673397,0.034620842102317015,0.10966350981930363
4.008672225980576,0.034870981970695485,0.11005170312248266
4.0149554112877555,0.0351179358139537,0.1104419719294025
4.0212385965949355,0.035361670081658,0.11083430083291898
4.027521781902115,0.035602152344752315,0.11122867434455863
4.033804967209295,0.035839351287129326,0.11162507689513061
4.040088152516474,0.036073236696919794,0.11202349283534085
4.046371337823654,0.03630377945751479,0.11242390643641037
4.052654523130833,0.03653095153833333,0.11282630189069566
4.058937708438013,0.03675472598534957,0.11323066331231334
4.065220893745193,0.03697507691139166,0.11363697473776675
4.071504079052372,0.03719197948622564,0.11404522012657657
4.077787264359552,0.03740540992643643,0.11445538336191396
4.084070449666731,0.037615345485118044,0.11486744825123654
4.090353634973911,0.037821764441385436,0.11528139852692822
4.09663682028109,0.038024646089718755,0.11569721784694077
4.10292000558827,0.03822397072915242,0.11611488979543952
4.10920319089545,0.03841971965231888,0.11653439788345105
4.115486376202629,0.03861187513435909,0.11695572554951437
4.121769561509809,0.03880042042170921,0.11737885616033474
4.128052746816988,0.03898533972077438,0.11780377301144003
4.134335932124168,0.039166618186499476,0.11823045932784065
4.140619117431347,0.03934424191084606,0.11865889826469135
4.1469023027385274,0.03951819791118593,0.11908907290795655
4.153185488045707,0.039688474118619116,0.11952096627507786
4.159468673352887,0.03985505936622651,0.11995456131564475
4.165751858660066,0.04001794337726473,0.12038984091206736
4.172035043967245,0.040177116753312245,0.12082678788025257
4.178318229274425,0.04033257096237433,0.12126538497028236
4.184601414581604,0.040484298326955055,0.12170561486709441
4.1908845998887845,0.04063229201210375,0.1221474601911664
4.197167785195964,0.040776546013443035,0.12259090349920132
4.203450970503144,0.04091705514518594,0.12303592728481678
4.209734155810323,0.04105381502814822,0.12348251397923564
4.216017341117503,0.04118682207776331,0.12393064595197999
4.222300526424682,0.0413160734921053,0.12438030551156676
4.228583711731861,0.04144156723992688,0.1248314749062065
4.2348668970390415,0.04156330204871725,0.12528413632450414
4.241150082346221,0.04168127739278636,0.1257382718961618
4.247433267653401,0.041795493481380466,0.1261938636926849
4.25371645296058,0.04190595124683409,0.12665089372808924
4.25999963826776,0.0420126523327636,0.12710934395961174
4.266282823574939,0.04211559908230707,0.1275691962884221
4.2725660088821185,0.04221479452641478,0.12803043256033783
4.2788491941892985,0.04231024237219481,0.12849303456654074
4.285132379496478,0.04240194699131779,0.12895698404429565
4.291415564803658,0.04248991340848497,0.12942226267767165
4.297698750110837,0.04257414728996281,0.1298888520982649
4.303981935418017,0.04265465493218823,0.1303567338859241
4.310265120725196,0.04273144325044745,0.13082588956947727
4.316548306032376,0.04280451976763183,0.13129630062746156
4.322831491339556,0.04287389260307372,0.13176794848885365
4.329114676646735,0.042939570461464974,0.13224081453380368
4.335397861953915,0.04300156262186108,0.1327148800943699
4.341681047261094,0.04305987892677311,0.13319012645525566
4.347964232568274,0.04311452977135034,0.1336665348545484
4.354247417875453,0.04316552609265505,0.1341440864844602
4.360530603182633,0.04321287935903235,0.1346227624920705
4.366813788489813,0.04325660155957628,0.13510254398007007
4.373096973796993,0.04329670519369461,0.13558341200750737
4.379380159104172,0.0433332032607732,0.13606534759053593
4.385663344411351,0.043366109249942456,0.1365483317031642
4.391946529718531,0.0433954371299463,0.1370323452780065
4.39822971502571,0.043421201339115575,0.1375173692070355
4.4045129003328904,0.04344341677544687,0.13800338434233714
4.41079608564007,0.043462098786787674,0.13849037149686588
4.41707927094725,0.04347726316112897,0.13897831144520292
4.423362456254429,0.0434889261170062,0.13946718492431442
4.429645641561609,0.043497104294008916,0.13995697263431267
4.435928826868788,0.04350181474340029,0.14044765523921732
4.442212012175967,0.04350307491884657,0.14093921336771947
4.4484951974831475,0.043500902667257306,0.14143162761394587
4.454778382790327,0.043495316219736305,0.14192487853822516
4.461061568097507,0.0434863341826441,0.14241894666785557
4.467344753404686,0.04347397552877166,0.14291381249787313
4.473627938711866,0.04345825958862565,0.1434094564918224
4.479911124019045,0.043439206041825454,0.143905859082527
4.486194309326224,0.0434168349086116,0.14440300067286274
4.4924774946334045,0.043391166541465784,0.14490086163653093
4.498760679940584,0.04336222161684229,0.14539942231883304
4.505043865247764,0.04333002112701029,0.14589866303744717
4.511327050554943,0.04329458637200721,0.14639856408320442
4.517610235862123,0.04325593895170257,0.14689910572086762
4.523893421169302,0.043214100757971795,0.14740026818990987
4.530176606476482,0.043169093966979835,0.14790203170529512
4.5364597917836615,0.043120941031573934,0.14840437645825882
4.542742977090841,0.04306966467378503,0.14890728261709033
4.549026162398021,0.04301528787743722,0.14941073032791571
4.5553093477052,0.04295783388086473,0.14991469971548121
4.56159253301238,0.04289732616973559,0.15041917088393852
4.567875718319559,0.042833788469981454,0.1509241239176295
4.574158903626739,0.0427672447408327,0.1514295388818732
4.580442088933919,0.04269771916795826,0.15193539582375204
4.586725274241099,0.04262523615670908,0.1524416747729003
4.593008459548278,0.042549820325464636,0.15294835574229185
4.599291644855457,0.04247149649908152,0.1534554187290296
4.605574830162637,0.042390289702443275,0.15396284371513513
4.611858015469816,0.04230622515411055,0.15447061066833878
4.618141200776996,0.04221932826007054,0.15497869954287075
4.624424386084176,0.042129624607585195,0.15548709028025212
4.630707571391356,0.042037139959136376,0.15599576281008723
4.636990756698535,0.04194190024646812,0.15650469705085546
4.643273942005714,0.0418439315647239,0.1570138729107045
4.649557127312894,0.04174326016667865,0.15752327028824328
4.655840312620073,0.04163991245706415,0.1580328690733355
4.6621234979272534,0.04153391498698689,0.15854264914789373
4.668406683234433,0.04142529444843714,0.15905259038667346
4.674689868541613,0.04131407766888856,0.15956267265806784
4.680973053848792,0.041200291605986816,0.16007287582490207
4.687256239155972,0.04108396334232649,0.16058317974522887
4.693539424463151,0.04096512008031509,0.16109356427312307
4.69982260977033,0.04084378913712296,0.16160400925947757
4.7061057950775105,0.04071999793971803,0.16211449455279833
4.71238898038469,0.04059377401998464,0.16262499999999996
4.71867216569187,0.04046514500992471,0.16313550544720168
4.724955350999049,0.04033413863694084,0.1636459907405224
4.731238536306229,0.04020078271919965,0.16415643572687696
4.737521721613408,0.04006510516107478,0.16466682025477117
4.743804906920588,0.039927133948667856,0.16517712417509797
4.7500880922277675,0.0397868971454071,0.1656873273419322
4.756371277534947,0.039644422887721645,0.16619740961332652
4.762654462842127,0.03949973938079114,0.16670735085210628
4.768937648149306,0.03935287489436913,0.1672171309266645
4.775220833456486,0.03920385775867941,0.16772672971175676
4.781504018763665,0.03905271636038403,0.16823612708929545
4.787787204070845,0.03889947913862196,0.16874530294914458
4.7940703893780245,0.03874417458111765,0.1692542371899128
4.800353574685204,0.038586831220357685,0.16976290971974786
4.806636759992384,0.03842747762983532,0.1702713004571293
4.812919945299563,0.03826614242036138,0.17077938933166117
4.819203130606743,0.0381028542364403,0.17128715628486488
4.825486315913922,0.037937641752711006,0.17179458127097036
4.831769501221102,0.037770533670450565,0.1723016442577082
4.838052686528282,0.037601558714140726,0.1728083252270997
4.844335871835462,0.03743074562809518,0.173314604176248
4.850619057142641,0.03725812317314776,0.17382046111812682
4.85690224244982,0.03708372012339928,0.17432587608237046
4.863185427757,0.03690756526302324,0.17483082911606151
4.869468613064179,0.036729687383128665,0.17533530028451874
4.875751798371359,0.036550115278679164,0.1758392696720843
4.882034983678539,0.03636887774546779,0.17634271738290963
4.888318168985719,0.03618600357714608,0.17684562354174121
4.894601354292898,0.03600152156230677,0.1773479682947049
4.900884539600078,0.03581546048161904,0.17784973181009017
4.907167724907257,0.035627849105015784,0.1783508942791324
4.913450910214436,0.035438716188931164,0.17885143591679556
4.9197340955216164,0.0352480904735886,0.17935133696255284
4.926017280828796,0.03505600068033752,0.1798505776811669
4.932300466135976,0.034862475509038315,0.18034913836346908
4.938583651443155,0.03466754363549471,0.18084699932713721
4.944866836750335,0.03447123370893242,0.18134414091747303
4.951150022057514,0.03427357434952375,0.1818405435081776
4.957433207364693,0.03407459414595651,0.18233618750212682
4.9637163926718735,0.03387432165304745,0.18283105333214447
4.969999577979053,0.033672785389398587,0.1833251214617748
4.976282763286233,0.033470013835095874,0.18381837238605414
4.982565948593412,0.03326603542944979,0.1843107866322805
4.988849133900592,0.03306087856877638,0.18480234476078272
4.995132319207771,0.03285457160421879,0.18529302736568737
5.001415504514951,0.0326471428396078,0.1857828150756856
5.0076986898221305,0.03243862052936126,0.18627168855479712
5.01398187512931,0.032229032876421156,0.18675962850313405
5.02026506043649,0.03201840803022799,0.1872466156576629
5.026548245743669,0.03180677408473179,0.18773263079296448
5.032831431050849,0.03159415907643841,0.18821765472199353
5.039114616358028,0.03138059098249158,0.18870166829683577
5.045397801665208,0.031166097718788786,0.18918465240946408
5.0516809869723875,0.030950707138131434,0.18966658799249264
5.057964172279568,0.03073444702840771,0.19014745601992997
5.064247357586747,0.030517345110808298,0.1906272375079295
5.070530542893926,0.030299429038073686,0.1911059135155398
5.076813728201106,0.030080726392772837,0.19158346514545163
5.083096913508285,0.029861264685612687,0.1920598735447443
5.089380098815465,0.029641071353777193,0.1925351199056301
5.095663284122645,0.029420173759296543,0.19300918546619628
5.101946469429825,0.02919859918744453,0.1934820515111464
5.108229654737004,0.028976374845164944,0.19395369937253848
5.114512840044184,0.028753527859525105,0.19442411043052274
5.120796025351363,0.028530085276197197,0.1948932661140759
5.127079210658542,0.02830607405796582,0.19536114790173506
5.133362395965722,0.028081521083262034,0.19582773732232836
5.139645581272902,0.027856453144722994,0.1962930159557043
5.145928766580082,0.027630896947776522,0.19675696543345927
5.152211951887261,0.027404879109250758,0.19721956743966212
5.158495137194441,0.02717842615600742,0.19768080371157792
5.16477832250162,0.026951564523599345,0.1981406560403883
5.171061507808799,0.026724320554950755,0.1985991062719107
5.1773446931159794,0.026496720499060537,0.1990561363073151
5.183627878423159,0.026268790509727902,0.19951172810383816
5.189911063730339,0.026040556644299533,0.1999658636754959
5.196194249037518,0.025812044862438738,0.2004185250937935
5.202477434344698,0.02558328102491495,0.20086969448843328
5.208760619651877,0.02535429089241445,0.20131935404802004
5.215043804959057,0.02512510012437067,0.20176748602076439
5.2213269902662365,0.024895734277814854,0.20221407271518324
5.227610175573416,0.024666218806245588,0.20265909650079866
5.233893360880596,0.024436579058517625,0.20310253980883367
5.240176546187775,0.024206840277749372,0.20354438513290554
5.246459731494955,0.023977027600248228,0.2039846150297177
5.252742916802134,0.023747166054454427,0.2044232121197474
5.259026102109314,0.023517280559901748,0.20486015908793268
5.2653092874164935,0.023287395926196,0.2052954386843553
5.271592472723674,0.023057536852009855,0.20572903372492218
5.277875658030853,0.022827727924094612,0.20616092709204345
5.284158843338032,0.02259799361630775,0.20659110173530865
5.290442028645212,0.022368358288656645,0.20701954067215936
5.296725213952391,0.02213884618635776,0.20744622698855994
5.303008399259571,0.02190948143891087,0.2078711438396653
5.3092915845667505,0.02168028805918863,0.2082942744504856
5.315574769873931,0.02145128994254029,0.208715602116549
5.32185795518111,0.021222510865910312,0.2091351102045605
5.328141140488289,0.020993974486970525,0.2095527821530592
5.334424325795469,0.020765704343266463,0.2099686014730718
5.340707511102648,0.020537723851377233,0.2103825517487634
5.346990696409828,0.020310056306088273,0.21079461663808607
5.353273881717008,0.020082724879577678,0.2112047798734234
5.359557067024188,0.019855752620614706,0.21161302526223325
5.365840252331367,0.019629162453771366,0.2120193366876867
5.372123437638547,0.019402977178645746,0.21242369810930437
5.378406622945726,0.019177219469097874,0.21282609356358964
5.384689808252905,0.01895191187249692,0.2132265071646591
5.390972993560085,0.018727076808980322,0.21362492310486944
5.397256178867265,0.018502736570724265,0.21402132565544132
5.403539364174445,0.018278913321224905,0.21441569916708106
5.409822549481624,0.018055629094591165,0.21480802807059748
5.416105734788804,0.01783290579484764,0.21519829687751735
5.422388920095983,0.017610765195248537,0.2155864901806964
5.428672105403163,0.01738922893760154,0.21597259265492774
5.4349552907103424,0.017168318531602222,0.2163565890575467
5.441238476017522,0.016948055354177975,0.21673846422903295
5.447521661324702,0.016728460648842088,0.21711820309360852
5.453804846631881,0.016509555525057323,0.2174957906598332
5.460088031939061,0.016291360957608636,0.21787121202119658
5.46637121724624,0.0160738977859857,0.21824445235670595
5.47265440255342,0.015857186713773886,0.2186154969314721
5.4789375878605995,0.015641248308054752,0.2189843310972904
5.485220773167779,0.015426102998814797,0.2193509402932196
5.491503958474959,0.01521177107836318,0.2197153100461565
5.497787143782138,0.014998272700757811,0.22007742597140698
5.504070329089318,0.014785627881239589,0.22043727377325445
5.510353514396497,0.014573856495675126,0.22079483924552376
5.516636699703677,0.01436297828000711,0.22115010827214246
5.5229198850108565,0.014153012829713017,0.22150306682769755
5.529203070318037,0.013943979599271102,0.2218537009779897
5.535486255625216,0.013735897901634531,0.222201996880583
5.541769440932395,0.013528786907712507,0.22254794078535162
5.548052626239575,0.013322665645859178,0.22289151903502258
5.554335811546754,0.013117553001369684,0.2232327180657148
5.560618996853934,0.012913467715983175,0.22357152440747488
5.5669021821611135,0.012710428387393247,0.22390792468480844
5.573185367468294,0.012508453468764781,0.22424190561720866
5.579468552775473,0.012307561268258188,0.22457345401968012
5.585751738082653,0.012107769948559758,0.22490255680325968
5.592034923389832,0.011909097526419183,0.2252292009755329
5.598318108697011,0.011711561872193096,0.2255533736411471
5.604601294004191,0.011515180709395303,0.22587506200232066
5.610884479311371,0.011319971614253365,0.22619425335934776
5.617167664618551,0.011125952015271076,0.22651093511110032
5.62345084992573,0.010933139192797484,0.22682509475552481
5.62973403523291,0.01074155027860159,0.22713671989013665
5.636017220540089,0.010551202255453319,0.22744579821250888
5.642300405847269,0.010362111956710017,0.22775231752075875
5.648583591154448,0.010174296065909165,0.22805626571402868
5.654866776461628,0.009987771116366343,0.22835763079296448
5.661149961768808,0.009802553490779164,0.2286564008601889
5.667433147075987,0.009618659420836752,0.2289525641207712
5.673716332383167,0.009436104986834401,0.229246108882693
5.679999517690346,0.00925490611729411,0.2295370235573097
5.686282702997526,0.00907507858859002,0.22982529665980816
5.6925658883047054,0.008896638024579543,0.23011091680965978
5.698849073611885,0.008719599896239334,0.23039387273107015
5.705132258919065,0.008543979521306668,0.23067415325342402
5.711415444226244,0.008369792063925928,0.23095174731172624
5.717698629533424,0.00819705253429985,0.23122664394703873
5.723981814840603,0.008025775788346142,0.231498832306913
5.730265000147783,0.007855976527358607,0.23176830164581874
5.7365481854549625,0.007687669297673545,0.23203504132556774
5.742831370762143,0.007520868490340576,0.23229904081573424
5.749114556069322,0.0073555883407985904,0.23256028969407042
5.755397741376501,0.007191842928556072,0.23281877764691786
5.761680926683681,0.007029646176876325,0.2330744944696148
5.76796411199086,0.006869011852467295,0.23332743006689893
5.77424729729804,0.006709953565175751,0.233577574453306
5.7805304826052195,0.0065524847676863215,0.2338249177535639
5.7868136679124,0.0063966187552246595,0.23406945020298273
5.793096853219579,0.006242368665265407,0.23431116214783995
5.799380038526759,0.006089747477244201,0.234550044045762
5.805663223833938,0.005938768012274394,0.2347860864661005
5.811946409141117,0.00578944293286777,0.23501928009030487
5.818229594448297,0.005641784742659767,0.2352496157122902
5.8245127797554765,0.005495805786138955,0.23547708423880043
5.830795965062657,0.0053515182483804815,0.23570167668976763
5.837079150369836,0.005208934154784079,0.23592338419866646
5.843362335677016,0.005068065370815827,0.2361421980128641
5.849645520984195,0.0049289236017543946,0.23635810949396577
5.855928706291374,0.0047915203924410584,0.2365711101181559
5.862211891598554,0.00465586712703398,0.2367811914765346
5.868495076905734,0.0045219750287665,0.23698834527544954
5.874778262212914,0.004389855159709258,0.23719256333682348
5.881061447520093,0.004259518420536564,0.23739383759847693
5.887344632827273,0.004130975550296413,0.23759216011444684
5.893627818134452,0.004004237126184731,0.2377875230552997
5.899911003441632,0.0038793135633232107,0.23797991870844123
5.906194188748811,0.003756215114541333,0.23816933947842042
5.912477374055991,0.0036349518701619486,0.23835577788722961
5.918760559363171,0.0035155337577908907,0.23853922657459972
5.92504374467035,0.00339797054211038,0.23871967829829063
5.93132692997753,0.0032822718246760516,0.23889712593437726
5.937610115284709,0.0031684470437180067,0.2390715624775308
5.943893300591889,0.0030565054739453462,0.23924298104129527
5.9501764858990684,0.0029464562263546963,0.23941137485835914
5.9564596712062485,0.002838308248042194,0.239576737280823
5.962742856513428,0.0027320703220194103,0.23973906178046142
5.969026041820607,0.002627751067032734,0.23989834194898121
5.975309227127787,0.0025253589373865674,0.24005457149827403
5.981592412434966,0.0024249022227701635,0.24020774426066474
5.987875597742146,0.0023263890480879484,0.24035785418915498
5.9941587830493255,0.0022298273732936935,0.24050489535766179
6.000441968356506,0.0021352249932280443,0.24064886196125163
6.006725153663685,0.0020425895374598826,0.24078974831636946
6.013008338970864,0.0019519284701310427,0.2409275488610633
6.019291524278044,0.001863249089804752,0.24106225815520352
6.025574709585223,0.0017765585293175949,0.24119387088069785
6.031857894892403,0.0016918637556349201,0.24132238184170127
6.0381410801995825,0.001609171569709946,0.24144778596482108
6.044424265506763,0.0015284886063462017,0.24157007829931726
6.050707450813942,0.0014498213340636676,0.2416892540172978
6.056990636121122,0.0013731760549682284,0.2418053084139094
6.063273821428301,0.0012985589046247993,0.24191823690752323
6.06955700673548,0.0012259758519337716,0.2420280350399157
6.07584019204266,0.0011554326990110345,0.24213469847644462
6.0821233773498395,0.0010869350810714664,0.24223822300622005
6.08840656265702,0.0010204884663157793,0.2423386045422709
6.094689747964199,0.0009560981558209612,0.24243583912170596
6.100972933271379,0.0008937692834340075,0.24252992290587053
6.107256118578558,0.0008335068156692364,0.24262085218049795
6.113539303885738,0.0007753155516088895,0.2427086233558561
6.119822489192917,0.0007192001228072927,0.24279323296688926
6.126105674500097,0.0006651649931983069,0.24287467767335494
6.132388859807277,0.000613214459006273,0.2429529542599555
6.138672045114456,0.0005633526486603571,0.24302805963646537
6.144955230421636,0.0005155835227122227,0.2430999908378529
6.151238415728815,0.00046991087375720556,0.24316874502439742
6.157521601035995,0.00042633832635876695,0.24323431948180133
6.163804786343174,0.0003848693369764379,0.24329671162129735
6.1700879716503545,0.00034550719389704403,0.24335591897975067
6.176371156957534,0.0003082550171694032,0.24341193921975615
6.182654342264713,0.0002731157585423096,0.24346477012973064
6.188937527571893,0.00024009220140594484,0.24351440962400026
6.195220712879072,0.0002091869607366505,0.24356085574288278
6.201503898186252,0.0001804024830450195,0.2436041066527649
6.2077870834934314,0.00015374104632741322,0.24364416064617486
6.2140702688006115,0.00012920476002076985,0.24368101614184953
6.220353454107791,0.00010679556496083014,0.24371467168479707
6.22663663941497,8.65152333436603e-05,0.24374512594635422
6.23291982472215,6.836536869056267e-05,0.24377237772423893
6.239203010029329,5.2347405816329426e-05,0.24379642594259762
6.245486195336509,3.846261080081983e-05,0.24381726965204784
6.2517693806436885,2.671208096391809e-05,0.2438349080297157
6.258052565950869,1.7096744843801563e-05,0.24384934037926811
6.264335751258048,9.617362178580807e-06,0.24386056613094073
6.270618936565228,4.2745238912574335e-06,0.24386858484156007
6.276902121872407,1.0686520780423358e-06,0.24387339619456114
6.283185307179586,1.623906991734072e-33,0.243875
