eta,Gamma,G_eff,P_wrap
0.1,0.0,0.6756756756756757,0.04546812495617665
0.13016759776536313,0.0,0.6926172419130165,0.020855305402161895
0.16033519553072625,0.0,0.710430227020162,0.009399495104913488
0.19050279329608938,0.0,0.7291836402150887,0.004129420558363343
0.22067039106145253,0.0,0.7489539748953974,0.0017574866779714849
0.2508379888268156,0.0,0.7698262515052469,0.0007207260302125324
0.2810055865921788,0.0,0.7918952397805699,0.00028332747297617027
0.31117318435754193,0.0,0.8152668974312262,0.00010621604143022206
0.34134078212290503,0.0,0.8400600713347101,3.776644970240581e-05
0.3715083798882681,0.0,0.8664085188770572,1.2661566323696488e-05
0.4016759776536313,0.0,0.8944633220067959,3.976854529888955e-06
0.43184357541899443,0.0,0.9243957859946292,1.1618752419888942e-06
0.4620111731843576,0.0,0.9564009403718744,3.132304737061956e-07
0.4921787709497206,0.0,0.9907017932255922,7.721666683328988e-08
0.5223463687150838,0.0,1.0275545350172215,1.72268017991046e-08
0.5525139664804469,0.0,1.067254948724064,3.437013648024231e-09
0.5826815642458101,0.0,1.110146365666088,6.048814040207299e-10
0.6128491620111731,0.0,1.1566296200568622,9.241038657604792e-11
0.6430167597765363,0.0,1.2071756137038037,1.2027751101693554e-11
0.6731843575418994,0.0,1.2623413258110014,1.3044837108377558e-12
0.7033519553072626,0.0,1.322790422701744,1.1482378334355608e-13
0.7335195530726256,0.0,1.3893200869295248,7.947335922538531e-15
0.7636871508379888,0.0,1.4628963713631904,4.162618337072076e-16
0.7938547486033519,0.0,1.5447014152571625,1.5744010435859394e-17
0.8240223463687151,0.0,1.636197440585009,4.057947527574336e-19
0.8541899441340782,0.0,1.7392149242129809,6.629087709701435e-21
0.8843575418994413,0.0,1.8560763168809618,6.260687339350869e-23
0.9145251396648044,0.0,1.9897732325477988,3.0365729780011094e-25
0.9446927374301676,0.0,2.1442261619549594,6.476793808110224e-28
0.9748603351955307,0.0,2.3246753246753245,4.9375410529285675e-31
0.1,0.16759776536312848,0.5714148200490486,0.06584077186729152
0.13016759776536313,0.16759776536312848,0.5857421998428802,0.033598346015850045
0.16033519553072625,0.16759776536312848,0.6008065332885933,0.016921864303147988
0.19050279329608938,0.16759776536312848,0.6166661810631985,0.008350651172922899
0.22067039106145253,0.16759776536312848,0.6333858331690123,0.004015443665339217
0.2508379888268156,0.16759776536312848,0.6510373908798984,0.0018724737566069743
0.2810055865921788,0.16759776536312848,0.6697010003866306,0.0008429715047900563
0.31117318435754193,0.16759776536312848,0.6894662694816632,0.00036472759815546474
0.34134078212290503,0.16759776536312848,0.7104337062483292,0.00015095369994497004
0.3715083798882681,0.16759776536312848,0.7327164284965827,5.9463925628378466e-05
0.4016759776536313,0.16759776536312848,0.7564422053137816,2.2172347564104285e-05
0.43184357541899443,0.16759776536312848,0.7817559085281656,7.778109441211546e-06
0.4620111731843576,0.16759776536312848,0.8088224734312566,2.5496393536269954e-06
0.4921787709497206,0.16759776536312848,0.837830496609442,7.74956795772822e-07
0.5223463687150838,0.16759776536312848,0.8689966367818253,2.1649865728325064e-07
0.5525139664804469,0.16759776536312848,0.9025710358179941,5.503429646189186e-08
0.5826815642458101,0.16759776536312848,0.9388440469324857,1.2582065501372039e-08
0.6128491620111731,0.16759776536312848,0.9781546531881233,2.5522439656699237e-09
0.6430167597765363,0.16759776536312848,1.020901093386795,4.5210880472044925e-10
0.6731843575418994,0.16759776536312848,1.067554401462581,6.863830847107614e-11
0.7033519553072626,0.16759776536312848,1.1186758359990687,8.733699788954704e-12
0.7335195530726256,0.16759776536312848,1.1749395694457774,9.067875347083851e-13
0.7636871508379888,0.16759776536312848,1.2371625868534974,7.437102901408752e-14
0.7938547486033519,0.16759776536312848,1.3063446162184498,4.6309450460939396e-15
0.8240223463687151,0.16759776536312848,1.3837222497933634,2.0845420352776933e-16
0.8541899441340782,0.16759776536312848,1.4708435107597548,6.379463286758172e-18
0.8843575418994413,0.16759776536312848,1.569672481619597,1.2280031801076624e-19
0.9145251396648044,0.16759776536312848,1.6827391521497772,1.3450682533237028e-21
0.9446927374301676,0.16759776536312848,1.8133590575873741,7.352115126789842e-24
0.9748603351955307,0.16759776536312848,1.9659638198362852,1.682778747290825e-26
0.1,0.33519553072625696,0.4832420469260963,0.09071470197988953
0.13016759776536313,0.33519553072625696,0.4953586251031629,0.050694700298565334
0.16033519553072625,0.33519553072625696,0.5080984405130237,0.02806244801466951
0.19050279329608938,0.33519553072625696,0.5215108484261912,0.015285771266405573
0.22067039106145253,0.33519553072625696,0.5356505567851942,0.008152543670182132
0.2508379888268156,0.33519553072625696,0.5505783720611622,0.004239428951683575
0.2810055865921788,0.33519553072625696,0.5663620734014397,0.0021410092233683734
0.31117318435754193,0.33519553072625696,0.5830774415725152,0.0010459921876639082
0.34134078212290503,0.33519553072625696,0.6008094756507483,0.0004923556364200615
0.3715083798882681,0.33519553072625696,0.6196538386818076,0.000222328768188371
0.4016759776536313,0.33519553072625696,0.6397185842077825,9.586029686699328e-05
0.43184357541899443,0.33519553072625696,0.6611262294549753,3.92603373197994e-05
0.4620111731843576,0.33519553072625696,0.684016259198875,1.5185216467254467e-05
0.4921787709497206,0.33519553072625696,0.7085481684285002,5.510543169593933e-06
0.5223463687150838,0.33519553072625696,0.7349051841082745,1.862240449033758e-06
0.5525139664804469,0.33519553072625696,0.7632988496998654,5.81073465343325e-07
0.5826815642458101,0.33519553072625696,0.7939747151554294,1.657641095195375e-07
0.6128491620111731,0.33519553072625696,0.8272194563948141,4.2738989548080725e-08
0.6430167597765363,0.33519553072625696,0.863369861556929,9.826215105123521e-09
0.6731843575418994,0.33519553072625696,0.9028242811823797,1.9827884038733057e-09
0.7033519553072626,0.33519553072625696,0.9460573682505278,3.445766456957197e-10
0.7335195530726256,0.33519553072625696,0.993639266312181,5.0415813714082455e-11
0.7636871508379888,0.33519553072625696,1.0462608946686942,6.042224491038802e-12
0.7938547486033519,0.33519553072625696,1.1047677172217933,5.735857209901397e-13
0.8240223463687151,0.33519553072625696,1.1702055125380386,4.1376239095226705e-14
0.8541899441340782,0.33519553072625696,1.2438834344312224,2.1533182186805e-15
0.8843575418994413,0.33519553072625696,1.3274624955584964,7.569654601463507e-17
0.9145251396648044,0.33519553072625696,1.4230822929264275,1.6513381355611231e-18
0.9446927374301676,0.33519553072625696,1.5335467545718906,2.0005700235294082e-20
0.9748603351955307,0.33519553072625696,1.662603676255343,1.1603196124190518e-22
0.1,0.5027932960893855,0.40867486758092564,0.11978915207726834
0.13016759776536313,0.5027932960893855,0.4189217842421406,0.07233868213936236
0.16033519553072625,0.5027932960893855,0.4296957688503685,0.043398297144248005
0.19050279329608938,0.5027932960893855,0.44103856085847654,0.025710103905316795
0.22067039106145253,0.5027932960893855,0.452996426441585,0.014973650035345941
0.2508379888268156,0.5027932960893855,0.4656207892634562,0.008541135820069126
0.2810055865921788,0.5027932960893855,0.4789689697378288,0.00475517035492268
0.31117318435754193,0.5027932960893855,0.49310505519921133,0.002575150259556534
0.34134078212290503,0.5027932960893855,0.5081009288508487,0.0013517836312918758
0.3715083798882681,0.5027932960893855,0.5240374923501395,0.000685283227191901
0.4016759776536313,0.5027932960893855,0.5410061259221408,0.00033415346443152005
0.43184357541899443,0.5027932960893855,0.5591104416419068,0.0001560312001512355
0.4620111731843576,0.5027932960893855,0.5784684009379079,6.942572992234587e-05
0.4921787709497206,0.5027932960893855,0.5992148877548086,2.927210700770031e-05
0.5223463687150838,0.5027932960893855,0.6215048560249071,1.1621487752994555e-05
0.5525139664804469,0.5027932960893855,0.6455172067704438,4.313126845215076e-06
0.5826815642458101,0.5027932960893855,0.6714596000963708,1.4839105738800592e-06
0.6128491620111731,0.5027932960893855,0.6995744760890334,4.6868253094413956e-07
0.6430167597765363,0.5027932960893855,0.7301466544344405,1.3435444164193853e-07
0.6731843575418994,0.5027932960893855,0.7635130177682569,3.4489162656311016e-08
0.7033519553072626,0.5027932960893855,0.8000749772357288,7.802232628950705e-09
0.7335195530726256,0.5027932960893855,0.8403146997790967,1.5258867997054232e-09
0.7636871508379888,0.5027932960893855,0.8848164916601734,2.520573733795976e-10
0.7938547486033519,0.5027932960893855,0.9342953565717882,3.418298713878894e-11
0.8240223463687151,0.5027932960893855,0.9896357031036455,3.67452645064262e-12
0.8541899441340782,0.5027932960893855,1.0519446746943142,2.996339106981375e-13
0.8843575418994413,0.5027932960893855,1.1226269796717006,1.7529916484538545e-14
0.9145251396648044,0.5027932960893855,1.2034920622447622,6.848737628069241e-16
0.9446927374301676,0.5027932960893855,1.2969111873447392,1.6265494341246535e-17
0.9748603351955307,0.5027932960893855,1.4060538431108938,2.0711617444514086e-19
0.1,0.6703910614525139,0.3456138563576387,0.15254219520205536
0.13016759776536313,0.6703910614525139,0.3542796116168768,0.0984260350560852
0.16033519553072625,0.6703910614525139,0.363391105041537,0.06324111227718669
0.19050279329608938,0.6703910614525139,0.37298363543370394,0.04024147296980248
0.22067039106145253,0.6703910614525139,0.383096329817011,0.025257553648157308
0.2508379888268156,0.6703910614525139,0.3937726768719493,0.015584919855165712
0.2810055865921788,0.6703910614525139,0.40506115212469324,0.009425277299921441
0.31117318435754193,0.6703910614525139,0.4170159538452617,0.005570245266819961
0.34134078212290503,0.6703910614525139,0.4296978732225721,0.0032072498505623568
0.3715083798882681,0.6703910614525139,0.44317532829751044,0.0017934336891143566
0.4016759776536313,0.6703910614525139,0.457525598772065,0.0009705929327598656
0.43184357541899443,0.6703910614525139,0.4728363087495644,0.0005064608416121925
0.4620111731843576,0.6703910614525139,0.4892072174944735,0.00025373654916851477
0.4921787709497206,0.6703910614525139,0.5067523955405449,0.00012147610465865383
0.5223463687150838,0.6703910614525139,0.5256028864883218,5.527548961230608e-05
0.5525139664804469,0.6703910614525139,0.5459099858470406,2.3759268891525254e-05
0.5826815642458101,0.6703910614525139,0.5678493105077255,9.578696042278936e-06
0.6128491620111731,0.6703910614525139,0.5916258905806775,3.5922503077886514e-06
0.6430167597765363,0.6703910614525139,0.6174805963465447,1.24112536738999e-06
0.6731843575418994,0.6703910614525139,0.6456983274066689,3.905723465847271e-07
0.7033519553072626,0.6703910614525139,0.6766185547314931,1.104423539207611e-07
0.7335195530726256,0.6703910614525139,0.7106490439790876,2.7609367415405763e-08
0.7636871508379888,0.6703910614525139,0.7482839394104743,5.982975495854243e-09
0.7938547486033519,0.6703910614525139,0.7901279153112327,1.0971608236901972e-09
0.8240223463687151,0.6703910614525139,0.8369289106605635,1.65273593554711e-10
0.8541899441340782,0.6703910614525139,0.8896232299481699,1.9704433965164488e-11
0.8843575418994413,0.6703910614525139,0.9493988264855415,1.7736575394524852e-12
0.9145251396648044,0.6703910614525139,1.017785936263513,1.134360278863247e-13
0.9446927374301676,0.6703910614525139,1.0967899236495646,4.76064589827018e-15
0.9748603351955307,0.6703910614525139,1.1890912055359175,1.1788648199205497e-16
0.1,0.8379888268156424,0.2922835417148457,0.18830445400012708
0.13016759776536313,0.8379888268156424,0.2996121183682747,0.12858747643610663
0.16033519553072625,0.8379888268156424,0.30731765308420755,0.08760291038911233
0.19050279329608938,0.8379888268156424,0.3154299978454331,0.05924465176258454
0.22067039106145253,0.8379888268156424,0.3239822421384808,0.039629829222942246
0.2508379888268156,0.8379888268156424,0.33301116407662534,0.026142667872015832
0.2810055865921788,0.8379888268156424,0.34255775911828407,0.016961753959032017
0.31117318435754193,0.8379888268156424,0.3526678624116275,0.010796016047448525
0.34134078212290503,0.8379888268156424,0.3633928846963438,0.006723447945954603
0.3715083798882681,0.8379888268156424,0.37479068669456406,0.004085682703276861
0.4016759776536313,0.8379888268156424,0.3869266233814557,0.0024154598746768917
0.43184357541899443,0.8379888268156424,0.3998747979296474,0.0013848223845571582
0.4620111731843576,0.8379888268156424,0.41371957614392463,0.0007671641829636245
0.4921787709497206,0.8379888268156424,0.4285574267826927,0.0004090073402637521
0.5223463687150838,0.8379888268156424,0.4444991726239777,0.00020889884802308267
0.5525139664804469,0.8379888268156424,0.46167276336213287,0.00010167900642798121
0.5826815642458101,0.8379888268156424,0.4802267171365476,4.688113682778117e-05
0.6128491620111731,0.8379888268156424,0.5003344266677238,2.033270663509456e-05
0.6430167597765363,0.8379888268156424,0.5221995944908074,8.227417778382404e-06
0.6731843575418994,0.8379888268156424,0.5460631584703591,3.0761423760486075e-06
0.7033519553072626,0.8379888268156424,0.5722122071467405,1.0505938683202318e-06
0.7335195530726256,0.8379888268156424,0.6009915854633414,3.232712850109356e-07
0.7636871508379888,0.8379888268156424,0.6328191882240676,8.81383499277758e-08
0.7938547486033519,0.8379888268156424,0.6682063848040811,2.0863213367650222e-08
0.8240223463687151,0.8379888268156424,0.7077857026608494,4.181030679649419e-09
0.8541899441340782,0.8379888268156424,0.7523489688213848,6.873792195507062e-10
0.8843575418994413,0.8379888268156424,0.8029008281947003,8.90803328470415e-11
0.9145251396648044,0.8379888268156424,0.8607353920753326,8.644079624537513e-12
0.9446927374301676,0.8379888268156424,0.9275485849436623,5.871800690311514e-13
0.9748603351955307,0.8379888268156424,1.0056072191051548,2.552001447138922e-14
0.1,1.005586592178771,0.24718241814058495,0.22633350813868736
0.13016759776536313,1.005586592178771,0.2533801509588445,0.1622522223086551
0.16033519553072625,1.005586592178771,0.2598966749238124,0.11621280908524675
0.19050279329608938,1.005586592178771,0.2667572356762415,0.08278695044045792
0.22067039106145253,1.005586592178771,0.27398981679415796,0.058465671286289315
0.2508379888268156,1.005586592178771,0.2816255213048502,0.04082476227443358
0.2810055865921788,1.005586592178771,0.28969901881880983,0.02811940378627194
0.31117318435754193,1.005586592178771,0.29824907184279364,0.019062019303861397
0.34134078212290503,1.005586592178771,0.30731915812748156,0.012688989784290618
0.3715083798882681,1.005586592178771,0.31695821013457776,0.008274720475923076
0.4016759776536313,1.005586592178771,0.32722149817011675,0.005272881650126418
0.43184357541899443,1.005586592178771,0.3381716908376563,0.003274240515596832
0.4620111731843576,1.005586592178771,0.349880135786513,0.0019751983141824076
0.4921787709497206,1.005586592178771,0.36242841606045917,0.0011536038593074097
0.5223463687150838,1.005586592178771,0.3759102538105841,0.0006497691708625584
0.5525139664804469,1.005586592178771,0.39043385531721775,0.00035138859865183227
0.5826815642458101,1.005586592178771,0.406124821469882,0.00018151779558510985
0.6128491620111731,1.005586592178771,0.4231297894404482,8.903757006495269e-05
0.6430167597765363,1.005586592178771,0.4416210292271633,4.118431262941383e-05
0.6731843575418994,1.005586592178771,0.4618023005204779,1.781710182483348e-05
0.7033519553072626,1.005586592178771,0.4839163923574029,7.139387858679857e-06
0.7335195530726256,1.005586592178771,0.5082549380146208,2.618999472119988e-06
0.7636871508379888,1.005586592178771,0.5351713485927081,8.672188524647622e-07
0.7938547486033519,1.005586592178771,0.5650980860701049,2.5476964909813416e-07
0.8240223463687151,1.005586592178771,0.5985700750804731,6.50030870851765e-08
0.8541899441340782,1.005586592178771,0.636256958937075,1.4025172932323461e-08
0.8843575418994413,1.005586592178771,0.679008359744958,2.473947530366746e-09
0.9145251396648044,1.005586592178771,0.7279186995754086,3.415735124267064e-10
0.9446927374301676,1.005586592178771,0.7844222114734519,3.486910123006796e-11
0.9748603351955307,1.005586592178771,0.8504359248545943,2.4389294115807298e-12
0.1,1.1731843575418994,0.2090406715320148,0.26587823702714297
0.13016759776536313,1.1731843575418994,0.21428205657894042,0.19872330415818718
0.16033519553072625,1.1731843575418994,0.21979304136474587,0.14857093699221327
0.19050279329608938,1.1731843575418994,0.22559497597466743,0.11064638197319933
0.22067039106145253,1.1731843575418994,0.23171152595088435,0.0818434707938862
0.2508379888268156,1.1731843575418994,0.23816899493489319,0.05998607805412953
0.2810055865921788,1.1731843575418994,0.24499670280596958,0.04347428283268922
0.31117318435754193,1.1731843575418994,0.25222743078093174,0.031093752115661167
0.34134078212290503,1.1731843575418994,0.25989794772977926,0.021903694425878254
0.3715083798882681,1.1731843575418994,0.26804963553853517,0.015166263511819366
0.4016759776536313,1.1731843575418994,0.276729235969725,0.01029940149475393
0.43184357541899443,1.1731843575418994,0.28598974748120926,0.006843679655495879
0.4620111731843576,1.1731843575418994,0.29589150834719685,0.0044378809758686515
0.4921787709497206,1.1731843575418994,0.3065035128528966,0.002800261334635772
0.5223463687150838,1.1731843575418994,0.31790502125293546,0.0017136441212130525
0.5525139664804469,1.1731843575418994,0.3301875429421736,0.0010132135889708725
0.5826815642458101,1.1731843575418994,0.34345729783094375,0.0005763037000971648
0.6128491620111731,1.1731843575418994,0.3578382960859483,0.0003137484506836418
0.6430167597765363,1.1731843575418994,0.3734762253996585,0.00016252909273176383
0.6731843575418994,1.1731843575418994,0.3905434041062155,7.955783911419195e-05
0.7033519553072626,1.1731843575418994,0.4092451574213816,3.649664240068275e-05
0.7335195530726256,1.1731843575418994,0.42982811783810426,1.5536227153887326e-05
0.7636871508379888,1.1731843575418994,0.4525911629802334,6.064086204053765e-06
0.7938547486033519,1.1731843575418994,0.47790002331948017,2.1387707704325647e-06
0.8240223463687151,1.1731843575418994,0.5062070813735042,6.694218576333043e-07
0.8541899441340782,1.1731843575418994,0.538078650430056,1.8178805137953457e-07
0.8843575418994413,1.1731843575418994,0.5742332507492881,4.162259064165915e-08
0.9145251396648044,1.1731843575418994,0.6155964284377652,7.74445163439971e-09
0.9446927374301676,1.1731843575418994,0.6633811056811376,1.1158259030229899e-09
0.9748603351955307,1.1731843575418994,0.7192085026267708,1.167233330873469e-10
0.1,1.3407821229050279,0.17678442780546982,0.3062278047253937
0.13016759776536313,1.3407821229050279,0.18121703534369704,0.23725000328852197
0.16033519553072625,1.3407821229050279,0.18587764174561466,0.1840211142449738
0.19050279329608938,1.3407821229050279,0.19078430264879037,0.14236008760083493
0.22067039106145253,1.3407821229050279,0.19595703185868227,0.10955120658955361
0.2508379888268156,1.3407821229050279,0.20141807420533747,0.08368347070795497
0.2810055865921788,1.3407821229050279,0.20719222533279538,0.06333682990852524
0.31117318435754193,1.3407821229050279,0.21330720811725756,0.04741506495722154
0.34134078212290503,1.3407821229050279,0.21979411776903074,0.035049040421985644
0.3715083798882681,1.3407821229050279,0.22668795069808842,0.02553697718495158
0.4016759776536313,1.3407821229050279,0.23402823612944765,0.018305590351404128
0.43184357541899443,1.3407821229050279,0.24185979453741516,0.012883621585375418
0.4620111731843576,1.3407821229050279,0.25023365363445754,0.008883031836349272
0.4921787709497206,1.3407821229050279,0.259208161469034,0.005985068679567544
0.5223463687150838,1.3407821229050279,0.26885034795766394,0.00392950025827231
0.5525139664804469,1.3407821229050279,0.2792376020404547,0.0025059367041535925
0.5826815642458101,1.3407821229050279,0.2904597532512098,0.0015465459506419307
0.6128491620111731,1.3407821229050279,0.3026216762356233,0.000919719882456179
0.6430167597765363,1.3407821229050279,0.31584657819142886,0.0005244151714845905
0.6731843575418994,1.3407821229050279,0.3302801876884702,0.00028501151037094814
0.7033519553072626,1.3407821229050279,0.3460961470161474,0.00014661466356088722
0.7335195530726256,1.3407821229050279,0.36350303177759286,7.079110390314064e-05
0.7636871508379888,1.3407821229050279,0.38275360096620675,3.175868397401583e-05
0.7938547486033519,1.3407821229050279,0.4041571506232746,1.3075229876642228e-05
0.8240223463687151,1.3407821229050279,0.42809625789968064,4.865131730639118e-06
0.8541899441340782,1.3407821229050279,0.4550498505074336,1.6050566485718857e-06
0.8843575418994413,1.3407821229050279,0.48562557667176537,4.582545418747362e-07
0.9145251396648044,1.3407821229050279,0.520606165120332,1.0974698017106968e-07
0.9446927374301676,1.3407821229050279,0.5610173767875547,2.1164288733255375e-08
0.9748603351955307,1.3407821229050279,0.6082302677172086,3.112010045556126e-09
0.1,1.5083798882681563,0.14950551816286614,0.34674429280030683
0.13016759776536313,1.5083798882681563,0.1532541474682963,0.27708822689452295
0.16033519553072625,1.5083798882681563,0.15719559402963368,0.2218258409849614
0.19050279329608938,1.5083798882681563,0.16134512739003787,0.17729491506083594
0.22067039106145253,1.5083798882681563,0.16571967310337446,0.14113370027132502
0.2508379888268156,1.5083798882681563,0.1703380434874699,0.11168560211632747
0.2810055865921788,1.5083798882681563,0.17522120806806982,0.08771776954375049
0.31117318435754193,1.5083798882681563,0.1803926119134018,0.06827206195064173
0.34134078212290503,1.5083798882681563,0.18587855205418857,0.052579431875381485
0.3715083798882681,1.5083798882681563,0.19170862474204503,0.04000765489134247
0.4016759776536313,1.5083798882681563,0.19791625960277082,0.03002788498406668
0.43184357541899443,1.5083798882681563,0.2045393610395915,0.022192438451309058
0.4620111731843576,1.5083798882681563,0.2116210828793893,0.016119564164681525
0.4921787709497206,1.5083798882681563,0.21921076971278777,0.011482696689879123
0.5223463687150838,1.5083798882681563,0.22736510833356197,0.008002641588926334
0.5525139664804469,1.5083798882681563,0.236149546098894,0.005441690279925279
0.5826815642458101,1.5083798882681563,0.2456400513005861,0.0035989916824321335
0.6128491620111731,1.5083798882681563,0.25592531579029787,0.0023067161476552508
0.6430167597765363,1.5083798882681563,0.2671095351477374,0.0014266864074018108
0.6731843575418994,1.5083798882681563,0.2793159511403843,0.0008472502170044796
0.7033519553072626,1.5083798882681563,0.29269141199901344,0.00048024721647509913
0.7335195530726256,1.5083798882681563,0.3074123088459057,0.00025798800359771
0.7636871508379888,1.5083798882681563,0.32369239842846104,0.0001302212145666913
0.7938547486033519,1.5083798882681563,0.3417932505325034,6.111549020128195e-05
0.8240223463687151,1.5083798882681563,0.36203840833369744,2.6325500257105972e-05
0.8541899441340782,1.5083798882681563,0.3848328980927565,1.0240417036612002e-05
0.8843575418994413,1.5083798882681563,0.41069060422756626,3.5241371910238797e-06
0.9145251396648044,1.5083798882681563,0.4402734756748165,1.0449663298055208e-06
0.9446927374301676,1.5083798882681563,0.47444899223414594,2.5789111113128126e-07
0.9748603351955307,1.5083798882681563,0.5143766476845,5.058057528320725e-08
0.1,1.6759776536312847,0.12643590976091343,0.38688069623752075
0.13016759776536313,1.6759776536312847,0.12960610282410304,0.3175448833071495
0.16033519553072625,1.6759776536312847,0.13293936027092074,0.2612321775012252
0.19050279329608938,1.6759776536312847,0.1364485954613866,0.21472300856367676
0.22067039106145253,1.6759776536312847,0.1401481222337288,0.17596270489857646
0.2508379888268156,1.6759776536312847,0.14405385005101148,0.14352244849479398
0.2810055865921788,1.6759776536312847,0.1481835127139497,0.11634509286333795
0.31117318435754193,1.6759776536312847,0.15255693757451808,0.09361083167700958
0.34134078212290503,1.6759776536312847,0.15719636387207242,0.07466017692164621
0.3715083798882681,1.6759776536312847,0.16212682097706288,0.058947048783480165
0.4016759776536313,1.6759776536312847,0.1673765801212332,0.046008882884901195
0.43184357541899443,1.6759776536312847,0.17297769682845068,0.03544693141322657
0.4620111731843576,1.6759776536312847,0.17896666602832437,0.026912966659345554
0.4921787709497206,1.6759776536312847,0.18538521814180423,0.020100162245635416
0.5223463687150838,1.6759776536312847,0.19228129284650508,0.014736781318030174
0.5525139664804469,1.6759776536312847,0.1997102385753708,0.010581786762969921
0.5826815642458101,1.6759776536312847,0.20773630125193,0.0074217743500209505
0.6128491620111731,1.6759776536312847,0.21643448703709736,0.005068802567632536
0.6430167597765363,1.6759776536312847,0.22589291350054755,0.0033588002718418484
0.6731843575418994,1.6759776536312847,0.23621580545741316,0.0021503025399103493
0.7033519553072626,1.6759776536312847,0.247527351565631,0.0013233132602317095
0.7335195530726256,1.6759776536312847,0.2599767247272678,0.0007781312609947378
0.7636871508379888,1.6759776536312847,0.2737446977268812,0.0004340131333033314
0.7938547486033519,1.6759776536312847,0.28905247854557464,0.00022758594411347496
0.8240223463687151,1.6759776536312847,0.3061736856842887,0.00011097006766290574
0.8541899441340782,1.6759776536312847,0.325450847394687,4.9626808521811326e-05
0.8843575418994413,1.6759776536312847,0.3473185526115842,2.000394477174135e-05
0.9145251396648044,1.6759776536312847,0.37233660753513986,7.106828368458078e-06
0.9446927374301676,1.6759776536312847,0.401238634569492,2.1610396967080617e-06
0.9748603351955307,1.6759776536312847,0.43500521056962577,5.408455129145114e-07
0.1,1.8435754189944134,0.10692608188317974,0.4261872893520753
0.13016759776536313,1.8435754189944134,0.10960709492529011,0.3580061784378147
0.16033519553072625,1.8435754189944134,0.11242601052743284,0.30152263139790214
0.19050279329608938,1.8435754189944134,0.11539374943984021,0.25388996348145876
0.22067039106145253,1.8435754189944134,0.11852241678866934,0.21331256539108567
0.2508379888268156,1.8435754189944134,0.12182546711032159,0.17855631935761707
0.2810055865921788,1.8435754189944134,0.12531789777248264,0.14871808912453777
0.31117318435754193,1.8435754189944134,0.12901647664643823,0.12310397053703011
0.34134078212290503,1.8435754189944134,0.13294001132200103,0.10115943584341835
0.3715083798882681,1.8435754189944134,0.1371096689859244,0.08242669066112586
0.4016759776536313,1.8435754189944134,0.14154935844739144,0.0665173898642193
0.43184357541899443,1.8435754189944134,0.14628618886847747,0.053094556466097495
0.4620111731843576,1.8435754189944134,0.15135102378976265,0.04186030087647658
0.4921787709497206,1.8435754189944134,0.15677915437509396,0.03254736077309239
0.5223463687150838,1.8435754189944134,0.16261112291901247,0.02491325795040524
0.5525139664804469,1.8435754189944134,0.1688937372554971,0.018736310276858105
0.5826815642458101,1.8435754189944134,0.17568132977233925,0.013812996233596424
0.6128491620111731,1.8435754189944134,0.18303733272481246,0.009956324298863789
0.6430167597765363,1.8435754189944134,0.1910362666070406,0.006994951505204767
0.6731843575418994,1.8435754189944134,0.19976627371291944,0.0047728483698954586
0.7033519553072626,1.8435754189944134,0.20933237963709708,0.0031493351644505804
0.7335195530726256,1.8435754189944134,0.2198607389979197,0.001999326440271835
0.7636871508379888,1.8435754189944134,0.23150423024266079,0.001213624012923376
0.7938547486033519,1.8435754189944134,0.24444992761901946,0.000699099799541824
0.8240223463687151,1.8435754189944134,0.25892922863338186,0.00037861586178228963
0.8541899441340782,1.8435754189944134,0.27523180735029124,0.00019054705697929902
0.8843575418994413,1.8435754189944134,0.2937251929955617,8.780892859090023e-05
0.9145251396648044,1.8435754189944134,0.31488281027670045,3.635480708587585e-05
0.9446927374301676,1.8435754189944134,0.33932507921049326,1.3191040698313114e-05
0.9748603351955307,1.8435754189944134,0.367881267694701,4.0577184828598435e-06
0.1,2.011173184357542,0.09042673879998395,0.46430965078171416
0.13016759776536313,2.011173184357542,0.0926940552657938,0.3979520361155806
0.16033519553072625,2.011173184357542,0.09507799509006093,0.34204963881088457
0.19050279329608938,2.011173184357542,0.09758779388500793,0.2940686921454295
0.22067039106145253,2.011173184357542,0.10023368888239224,0.25242880070642704
0.2508379888268156,2.011173184357542,0.10302705850202885,0.21605736546659504
0.2810055865921788,2.011173184357542,0.10598058592679062,0.1841800686671441
0.31117318435754193,2.011173184357542,0.10910845164370446,0.15621026356637882
0.34134078212290503,2.011173184357542,0.11242656111738197,0.1316854510323344
0.3715083798882681,2.011173184357542,0.11595281530925339,0.11022838370067917
0.4016759776536313,2.011173184357542,0.11970743375420621,0.09152202676786768
0.43184357541899443,2.011173184357542,0.12371334250615446,0.07529279217023829
0.4620111731843576,2.011173184357542,0.12799664267413843,0.06129896899522955
0.4921787709497206,2.011173184357542,0.13258717978133577,0.04932256919172785
0.5223463687150838,2.011173184357542,0.13751924020029704,0.03916351688771826
0.5525139664804469,2.011173184357542,0.14283240903226657,0.030635516217371882
0.5826815642458101,2.011173184357542,0.14857263484800143,0.02356317454966389
0.6128491620111731,2.011173184357542,0.1547935619209857,0.017780105838465194
0.6430167597765363,2.011173184357542,0.1615582117810342,0.01312782982125409
0.6731843575418994,2.011173184357542,0.16894112583139456,0.00945533727492203
0.7033519553072626,2.011173184357542,0.17703112358034104,0.006619220639183994
0.7335195530726256,2.011173184357542,0.18593489322331377,0.004484279184434416
0.7636871508379888,2.011173184357542,0.19578172313576125,0.0029245020766283797
0.7938547486033519,2.011173184357542,0.206729820874109,0.0018243137765280267
0.8240223463687151,2.011173184357542,0.21897487790577466,0.0010799372768056418
0.8541899441340782,2.011173184357542,0.23276186982988484,0.000600696704110252
0.8843575418994413,2.011173184357542,0.24840161388315785,0.00031005011457191107
0.9145251396648044,2.011173184357542,0.2662944824687833,0.00014612863991865025
0.9446927374301676,2.011173184357542,0.28696516103128594,6.157648127451874e-05
0.9748603351955307,2.011173184357542,0.3111149564011915,2.255571039087547e-05
0.1,2.17877094972067,0.07647334444494244,0.5009813266967194
0.13016759776536313,2.17877094972067,0.07839080022579381,0.4369598105967055
0.16033519553072625,2.17877094972067,0.08040688367341703,0.3822551194741812
0.19050279329608938,2.17877094972067,0.0825294052890425,0.3345968788066549
0.22067039106145253,2.17877094972067,0.08476702263746506,0.2925825567393836
0.2508379888268156,2.17877094972067,0.08712935837929707,0.2552713213488176
0.2810055865921788,2.17877094972067,0.08962713860535372,0.22199333248082287
0.31117318435754193,2.17877094972067,0.09227235566749023,0.19224915107053753
0.34134078212290503,2.17877094972067,0.09507846072064087,0.16565196984739539
0.3715083798882681,2.17877094972067,0.09806059249929407,0.14189218475987042
0.4016759776536313,2.17877094972067,0.1012358505414459,0.12071449210452674
0.43184357541899443,2.17877094972067,0.10462362327181447,0.10190242594487589
0.4620111731843576,2.17877094972067,0.10824598423997732,0.08526753368937462
0.4921787709497206,2.17877094972067,0.11212817362383304,0.07064156862564899
0.5223463687150838,2.17877094972067,0.1162991872006553,0.05787072537342914
0.5525139664804469,2.17877094972067,0.12079250185043021,0.04681131718300187
0.5826815642458101,2.17877094972067,0.12564697600070798,0.03732651890862284
0.6128491620111731,2.17877094972067,0.13090797628815037,0.029283940848425002
0.6430167597765363,2.17877094972067,0.13662879963821253,0.022553890785749334
0.6731843575418994,2.17877094972067,0.14287248526342847,0.017008243147584135
0.7033519553072626,2.17877094972067,0.1497141472831374,0.012519875228012504
0.7335195530726256,2.17877094972067,0.15724401125701762,0.00896265578753236
0.7636871508379888,2.17877094972067,0.16557141557988028,0.006211982585367986
0.7938547486033519,2.17877094972067,0.17483015542245559,0.004145861775902674
0.8240223463687151,2.17877094972067,0.18518572587161017,0.0026465013139701757
0.8541899441340782,2.17877094972067,0.19684530130542316,0.001602349717298068
0.8843575418994413,2.17877094972067,0.21007173797546816,0.0009104489376365205
0.9145251396648044,2.17877094972067,0.2252036283943325,0.0004788877122835804
0.9446927374301676,2.17877094972067,0.2426846958595371,0.00022904962133082313
0.9748603351955307,2.17877094972067,0.2631080313033007,9.727140738052085e-05
0.1,2.346368715083799,0.06467304348474243,0.5360135348923103
0.13016759776536313,2.346368715083799,0.06629462420669387,0.4747005373196682
0.16033519553072625,2.346368715083799,0.06799961374812656,0.42167802286726097
0.19050279329608938,2.346368715083799,0.06979461740254995,0.3748990894518487
0.22067039106145253,2.346368715083799,0.07168695681999147,0.3331086599832477
0.2508379888268156,2.346368715083799,0.07368476982615674,0.29547281409514947
0.2810055865921788,2.346368715083799,0.07579712741098021,0.2614049964386205
0.31117318435754193,2.346368715083799,0.07803417143367629,0.2304744772119186
0.34134078212290503,2.346368715083799,0.08040727745437379,0.20235384092370445
0.3715083798882681,2.346368715083799,0.08292924820899306,0.17678679883158988
0.4016759776536313,2.346368715083799,0.08561454467308598,0.1535673645591839
0.43184357541899443,2.346368715083799,0.0884795635198201,0.13252574927352403
0.4620111731843576,2.346368715083799,0.0915429722161678,0.11351841458781595
0.4921787709497206,2.346368715083799,0.09482611622746272,0.09642079671492942
0.5223463687150838,2.346368715083799,0.09835351710664732,0.08112180396761381
0.5525139664804469,2.346368715083799,0.10215348604804415,0.06751952872896248
0.5826815642458101,2.346368715083799,0.10625888538810448,0.05551781997271871
0.6128491620111731,2.346368715083799,0.11070808141624428,0.045023492653608194
0.6430167597765363,2.346368715083799,0.11554614701900436,0.03594403778931642
0.6731843575418994,2.346368715083799,0.12082639407600822,0.028185759708131048
0.7033519553072626,2.346368715083799,0.12661234614231426,0.021652314946465228
0.7335195530726256,2.346368715083799,0.13298030642640454,0.01624366629680966
0.7636871508379888,2.346368715083799,0.14002274174548843,0.011855498064954905
0.7938547486033519,2.346368715083799,0.1478528018638071,0.008379164622064858
0.8240223463687151,2.346368715083799,0.15661044497237628,0.005702261078114613
0.8541899441340782,2.346368715083799,0.1664708771859499,0.003709906532012316
0.8843575418994413,2.346368715083799,0.17765639444191167,0.0022868075941679675
0.9145251396648044,2.346368715083799,0.19045334237414366,0.0013201102679018307
0.9446927374301676,2.346368715083799,0.20523697508358849,0.0007029382763645902
0.9748603351955307,2.346368715083799,0.22250886597373978,0.00033834686970777097
0.1,2.513966480446927,0.05469360054719045,0.569283681457843
0.13016759776536313,2.513966480446927,0.056064961526705204,0.5109305558222133
0.16033519553072625,2.513966480446927,0.05750686083887004,0.45995315949741156
0.19050279329608938,2.513966480446927,0.059024884540336046,0.41449628183374376
0.22067039106145253,2.513966480446927,0.06062522450611586,0.37342824884799164
0.2508379888268156,2.513966480446927,0.06231476284604203,0.3360022543098363
0.2810055865921788,2.513966480446927,0.06410117084127454,0.30169780789467704
0.31117318435754193,2.513966480446927,0.06599302540062714,0.2701373650533204
0.34134078212290503,2.513966480446927,0.06799994676629292,0.24103859670740768
0.3715083798882681,2.513966480446927,0.07013276213437412,0.21418519786503976
0.4016759776536313,2.513966480446927,0.07240370106416996,0.1894080457669497
0.43184357541899443,2.513966480446927,0.07482663012271067,0.1665724627785582
0.4620111731843576,2.513966480446927,0.07741733627357178,0.1455692392334645
0.4921787709497206,2.513966480446927,0.08019387124729739,0.12630805106002313
0.5223463687150838,2.513966480446927,0.08317697277245518,0.10871244152372309
0.5525139664804469,2.513966480446927,0.08639058345433874,0.09271584269960481
0.5826815642458101,2.513966480446927,0.08986249477153123,0.0782582959520768
0.6128491620111731,2.513966480446927,0.09362515286224925,0.0652836461571559
0.6430167597765363,2.513966480446927,0.09771667559321348,0.053737061223185445
0.6731843575418994,2.513966480446927,0.1021821484976142,0.04356278361834847
0.7033519553072626,2.513966480446927,0.10707529306060962,0.03470206443551919
0.7335195530726256,2.513966480446927,0.11246063844273278,0.027091269730190725
0.7636871508379888,2.513966480446927,0.11841638327036362,0.020660188021653907
0.7938547486033519,2.513966480446927,0.1250382176127174,0.015330609945144102
0.8240223463687151,2.513966480446927,0.13244450326290397,0.011015297387828828
0.8541899441340782,2.513966480446927,0.140783410969313,0.007617508827487434
0.8843575418994413,2.513966480446927,0.15024293505766995,0.005031294633311945
0.9145251396648044,2.513966480446927,0.16106523629348257,0.0031428085701701676
0.9446927374301676,2.513966480446927,0.17356766479350377,0.0018328771874683973
0.9748603351955307,2.513966480446927,0.18817439814235964,0.000980991401437636
0.1,2.6815642458100557,0.04625404619347091,0.6007238919852873
0.13016759776536313,2.6815642458100557,0.04741379785472185,0.5454807303494873
0.16033519553072625,2.6815642458100557,0.04863320335598633,0.4968043512944801
0.19050279329608938,2.6815642458100557,0.04991698679148735,0.45300600001628444
0.22067039106145253,2.6815642458100557,0.05127038459236114,0.4130586891450009
0.2508379888268156,2.6815642458100557,0.052699216917143965,0.3762874568728666
0.2810055865921788,2.6815642458100557,0.0542099713217763,0.3422245576584274
0.31117318435754193,2.6815642458100557,0.055809901246011644,0.31053345124646614
0.34134078212290503,2.6815642458100557,0.057507142470313105,0.2809653874956908
0.3715083798882681,2.6815642458100557,0.05931085148874306,0.2533329394663334
0.4016759776536313,2.6815642458100557,0.061231370765412324,0.22749299493856368
0.43184357541899443,2.6815642458100557,0.06328042717193924,0.20333532496238527
0.4620111731843576,2.6815642458100557,0.06547137164765075,0.18077458439174754
0.4921787709497206,2.6815642458100557,0.0678194704315603,0.15974449309815486
0.5223463687150838,2.6815642458100557,0.07034226129491569,0.14019343261113554
0.5525139664804469,2.6815642458100557,0.07305999235377006,0.12208096963447455
0.5826815642458101,2.6815642458100557,0.07599616669296896,0.10537498167953778
0.6128491620111731,2.6815642458100557,0.0791782238147733,0.09004916054582417
0.6430167597765363,2.6815642458100557,0.08263839976783326,0.07608073348160281
0.6731843575418994,2.6815642458100557,0.08641482311406429,0.06344828506918455
0.7033519553072626,2.6815642458100557,0.09055292578757253,0.052129594843869274
0.7335195530726256,2.6815642458100557,0.0951072797079658,0.04209943309245002
0.7636871508379888,2.6815642458100557,0.1001440169791951,0.03332728562047797
0.7938547486033519,2.6815642458100557,0.10574406211230855,0.025775012633534655
0.8240223463687151,2.6815642458100557,0.11200751295771769,0.019394492526323887
0.8541899441340782,2.6815642458100557,0.11905967661848343,0.014125363777223938
0.8843575418994413,2.6815642458100557,0.12705953875543666,0.009893062160893447
0.9145251396648044,2.6815642458100557,0.13621189325894079,0.006607458105758764
0.9446927374301676,2.6815642458100557,0.14678512119758405,0.004162524467381741
0.9748603351955307,2.6815642458100557,0.1591379469814846,0.0024375856043951406
0.1,2.8491620111731844,0.03911676627363019,0.6303102991681384
0.13016759776536313,2.8491620111731844,0.04009756121811682,0.5782448715967217
0.16033519553072625,2.8491620111731844,0.04112880505322318,0.5320343765966391
0.19050279329608938,2.8491620111731844,0.042214492916775745,0.49013636621634327
0.22067039106145253,2.8491620111731844,0.04335905322682054,0.4516140533200823
0.2508379888268156,2.8491620111731844,0.044567408056124684,0.41585277215019223
0.2810055865921788,2.8491620111731844,0.0458450438913914,0.3824275762623637
0.31117318435754193,2.8491620111731844,0.04719809492261848,0.35103384980398333
0.34134078212290503,2.8491620111731844,0.04863344152998927,0.32144776476526105
0.3715083798882681,2.8491620111731844,0.05015882730498602,0.2935022567725807
0.4016759776536313,2.8491620111731844,0.0517829988067665,0.2670716656693981
0.43184357541899443,2.8491620111731844,0.05351587337951927,0.24206149138492017
0.4620111731843576,2.8491620111731844,0.05536874183164198,0.21840130459794294
0.4921787709497206,2.8491620111731844,0.05735451472885826,0.19603966877372725
0.5223463687150838,2.8491620111731844,0.059488023657922565,0.17494037358290893
0.5525139664804469,2.8491620111731844,0.061786392327749295,0.15507953096665938
0.5826815642458101,2.8491620111731844,0.06426949715461494,0.13644323224966906
0.6128491620111731,2.8491620111731844,0.06696054355912452,0.11902555281484457
0.6430167597765363,2.8491620111731844,0.06988679337206712,0.10282674417694807
0.6731843575418994,2.8491620111731844,0.07308049168695424,0.08785148551863077
0.7033519553072626,2.8491620111731844,0.0765800600148545,0.07410708614574206
0.7335195530726256,2.8491620111731844,0.08043164949712907,0.06160154245445887
0.7636871508379888,2.8491620111731844,0.08469118765291035,0.05034136241134199
0.7938547486033519,2.8491620111731844,0.0894271118502771,0.04032908189685121
0.8240223463687151,2.8491620111731844,0.09472407423409608,0.031560416406116
0.8541899441340782,2.8491620111731844,0.10068804626127197,0.024021026647266897
0.8843575418994413,2.8491620111731844,0.10745348114071038,0.017682938967333243
0.9145251396648044,2.8491620111731844,0.11519357182314484,0.012500766766806956
0.9446927374301676,2.8491620111731844,0.124135286550193,0.008408046017992003
0.9748603351955307,2.8491620111731844,0.1345819963793521,0.005314244347179169
0.1,3.0167597765363126,0.033080811942497707,0.6580534859867764
0.13016759776536313,3.0167597765363126,0.03391026427722679,0.6091684212103892
0.16033519553072625,3.0167597765363126,0.034782380932713505,0.5655135530353845
0.19050279329608938,3.0167597765363126,0.035700540572781866,0.5256764589586539
0.22067039106145253,3.0167597765363126,0.03666848828370917,0.4887992906120391
0.2508379888268156,3.0167597765363126,0.037690386632575665,0.45431901553662346
0.2810055865921788,3.0167597765363126,0.03877087550790344,0.4218462353478346
0.31117318435754193,3.0167597765363126,0.03991514255696162,0.3911017583333164
0.34134078212290503,3.0167597765363126,0.04112900647553264,0.3618805223481555
0.3715083798882681,3.0167597765363126,0.04241901597195786,0.33402974139883923
0.4016759776536313,3.0167597765363126,0.04379256795825751,0.307435000863165
0.43184357541899443,3.0167597765363126,0.04525804947225002,0.28201105460535236
0.4620111731843576,3.0167597765363126,0.04682500908210351,0.257695533198827
0.4921787709497206,3.0167597765363126,0.04850436517493078,0.23444452095220858
0.5223463687150838,3.0167597765363126,0.05030866073367676,0.21222936547473814
0.5525139664804469,3.0167597765363126,0.052252377175092374,0.19103431329430598
0.5826815642458101,3.0167597765363126,0.05435232386384578,0.17085469905379203
0.6128491620111731,3.0167597765363126,0.05662812548337098,0.15169549509721733
0.6430167597765363,3.0167597765363126,0.05910283719858709,0.13357007461995088
0.6731843575418994,3.0167597765363126,0.06180372848946751,0.11649906696675544
0.7033519553072626,3.0167597765363126,0.0647632921948455,0.10050919487770006
0.7335195530726256,3.0167597765363126,0.06802055805500226,0.08563198448855935
0.7636871508379888,3.0167597765363126,0.07162282363359343,0.07190223233204981
0.7938547486033519,3.0167597765363126,0.07562796599763974,0.059356101813487064
0.8240223463687151,3.0167597765363126,0.08010757495252735,0.04802870777434493
0.8541899441340782,3.0167597765363126,0.08515126991650304,0.03795103710469407
0.8843575418994413,3.0167597765363126,0.09087275715270106,0.02914605548165367
0.9145251396648044,3.0167597765363126,0.09741850488891166,0.021623882206181024
0.9446927374301676,3.0167597765363126,0.10498045879020716,0.015376005772720797
0.9748603351955307,3.0167597765363126,0.11381517791956483,0.010368708594808124
0.1,3.184357541899441,0.027976241980734146,0.6839902456768567
0.13016759776536313,3.184357541899441,0.028677704788485102,0.6382380337440492
0.16033519553072625,3.184357541899441,0.02941524855348504,0.5971682212797115
0.19050279329608938,3.184357541899441,0.030191730591233867,0.5594850359437535
0.22067039106145253,3.184357541899441,0.03101031809847736,0.5244006994481129
0.2508379888268156,3.184357541899441,0.03187453133294379,0.4913972940914878
0.2810055865921788,3.184357541899441,0.032788294220209215,0.4601157481859939
0.31117318435754193,3.184357541899441,0.03375599392209916,0.4302977838029718
0.34134078212290503,3.184357541899441,0.0347825512743387,0.40175294187334154
0.3715083798882681,3.184357541899441,0.035873504479845546,0.3743386515535605
0.4016759776536313,3.184357541899441,0.0370351090622431,0.3479475953747476
0.43184357541899443,3.184357541899441,0.038274457888535895,0.3224993989757726
0.4620111731843576,3.184357541899441,0.039599626124898965,0.29793500952248975
0.4921787709497206,3.184357541899441,0.041019847385079085,0.2742128136387584
0.5223463687150838,3.184357541899441,0.04254572919366297,0.2513059185911961
0.5525139664804469,3.184357541899441,0.044189518396947826,0.22920023192493988
0.5826815642458101,3.184357541899441,0.04596543057266243,0.207893098477425
0.6128491620111731,3.184357541899441,0.04789006219653715,0.18739232719721144
0.6430167597765363,3.184357541899441,0.04998291088168391,0.16771548323633412
0.6731843575418994,3.184357541899441,0.05226703826189062,0.14888934397691994
0.7033519553072626,3.184357541899441,0.054769923333846365,0.13094942659523065
0.7335195530726256,3.184357541899441,0.057524573312139775,0.11393949214708635
0.7636871508379888,3.184357541899441,0.060570987459431916,0.09791091787518967
0.7938547486033519,3.184357541899441,0.06395811206020098,0.08292180528542886
0.8240223463687151,3.184357541899441,0.06774649017857486,0.06903565581009911
0.8541899441340782,3.184357541899441,0.0720119124129041,0.056319398222665025
0.8843575418994413,3.184357541899441,0.07685053946014193,0.04484049399033529
0.9145251396648044,3.184357541899441,0.08238623861200632,0.03466278512519192
0.9446927374301676,3.184357541899441,0.08878133715304373,0.025840701628179984
0.9748603351955307,3.184357541899441,0.09625280552644272,0.01841145240153189
0.1,3.3519553072625694,0.023659338130063375,0.7081766656649812
0.13016759776536313,3.3519553072625694,0.024252560971275303,0.665472379127221
0.16033519553072625,3.3519553072625694,0.024876297259153794,0.6269699187914091
0.19050279329608938,3.3519553072625694,0.025532963408083708,0.5914789643309328
0.22067039106145253,3.3519553072625694,0.0262252378971397,0.5582746836279301
0.2508379888268156,3.3519553072625694,0.02695609778692753,0.5268792981041299
0.2810055865921788,3.3519553072625694,0.02772886151750305,0.49696030133587277
0.31117318435754193,3.3519553072625694,0.02854723928500815,0.4682772654730376
0.34134078212290503,3.3519553072625694,0.029415392610364133,0.44065164992530936
0.3715083798882681,3.3519553072625694,0.030338005118181945,0.41394857605933477
0.4016759776536313,3.3519553072625694,0.03132036706684184,0.38806529869120165
0.43184357541899443,3.3519553072625694,0.0323684768509419,0.3629236535024133
0.4620111731843576,3.3519553072625694,0.03348916358952976,0.3384649849395005
0.4921787709497206,3.3519553072625694,0.034690236093736934,0.31464668982510235
0.5223463687150838,3.3519553072625694,0.035980665082757685,0.29143985501516534
0.5525139664804469,3.3519553072625694,0.037370807640212195,0.2688276627846782
0.5826815642458101,3.3519553072625694,0.03887268579394933,0.24680435288823788
0.6128491620111731,3.3519553072625694,0.04050033508281461,0.22537459984282537
0.6430167597765363,3.3519553072625694,0.04227024451993788,0.20455320605450844
0.6731843575418994,3.3519553072625694,0.04420191718911417,0.18436503563073092
0.7033519553072626,3.3519553072625694,0.04631859191114683,0.16484512504122562
0.7335195530726256,3.3519553072625694,0.04864818268718091,0.14603890726992333
0.7636871508379888,3.3519553072625694,0.05122451665100023,0.12800247573656684
0.7938547486033519,3.3519553072625694,0.054088987378463835,0.1108027913162056
0.8240223463687151,3.3519553072625694,0.05729279577163061,0.09451769678797084
0.8541899441340782,3.3519553072625694,0.06090003747975504,0.07923554275870824
0.8843575418994413,3.3519553072625694,0.06499203502090821,0.06505414063394047
0.9145251396648044,3.3519553072625694,0.06967354221227644,0.05207863393518107
0.9446927374301676,3.3519553072625694,0.07508183825367021,0.04041771399922983
0.9748603351955307,3.3519553072625694,0.08140041373268037,0.030177405447650553
0.1,3.519553072625698,0.020008558731303236,0.7306824512608243
0.13016759776536313,3.519553072625698,0.020510243689432186,0.6909142763513079
0.16033519553072625,3.519553072625698,0.021037733684302486,0.6549256768525109
0.19050279329608938,3.519553072625698,0.021593072262900657,0.6216222258995627
0.22067039106145253,3.519553072625698,0.022178524598731604,0.5903361753310485
0.2508379888268156,3.519553072625698,0.02279660837388979,0.5606259941725311
0.2810055865921788,3.519553072625698,0.02345012997299971,0.5321829902207627
0.31117318435754193,3.519553072625698,0.02414222708643129,0.5047825209173931
0.34134078212290503,3.519553072625698,0.024876419087182536,0.47825630908286487
0.3715083798882681,3.519553072625698,0.02565666688817451,0.452475736894013
0.4016759776536313,3.519553072625698,0.026487444428826973,0.4273412853838484
0.43184357541899443,3.519553072625698,0.02737382451506328,0.4027756258687517
0.4620111731843576,3.519553072625698,0.028321582491434356,0.3787189947414886
0.4921787709497206,3.519553072625698,0.029337322222143313,0.3551260625025584
0.5223463687150838,3.519553072625698,0.03042863018999342,0.3319638237720055
0.5525139664804469,3.519553072625698,0.0316042653177728,0.309210215712149
0.5826815642458101,3.519553072625698,0.032874394561503685,0.28685328000486177
0.6128491620111731,3.519553072625698,0.03425088769124356,0.2648907499815739
0.6430167597765363,3.519553072625698,0.03574768936536859,0.24332998650397664
0.6731843575418994,3.519553072625698,0.03738129322353211,0.2221882128045518
0.7033519553072626,3.519553072625698,0.03917135219551326,0.20149301447021295
0.7335195530726256,3.519553072625698,0.041141472982744905,0.18128307815355116
0.7636871508379888,3.519553072625698,0.04332026298706156,0.16160914148116334
0.7938547486033519,3.519553072625698,0.04574272850446025,0.1425351151432069
0.8240223463687151,3.519553072625698,0.04845216982721073,0.12413931216840254
0.8541899441340782,3.519553072625698,0.051502792257062315,0.1065156717125326
0.8843575418994413,3.519553072625698,0.05496336975421871,0.08977478374510683
0.9145251396648044,3.519553072625698,0.05892249198640344,0.07404438913216815
0.9446927374301676,3.519553072625698,0.06349625514011564,0.059468821245328145
0.9748603351955307,3.519553072625698,0.06883983609216693,0.046206536824970904
0.1,3.6871508379888267,0.016921116740594922,0.7515863574445218
0.13016759776536313,3.6871508379888267,0.01734538866629936,0.7146241346144998
0.16033519553072625,3.6871508379888267,0.01779148375503416,0.6810696249670908
0.19050279329608938,3.6871508379888267,0.018261130222088993,0.6499159873441278
0.22067039106145253,3.6871508379888267,0.01875624371095567,0.6205476085251793
0.2508379888268156,3.6871508379888267,0.019278953410108407,0.5925560634212091
0.2810055865921788,3.6871508379888267,0.019831632661999676,0.5656543992494028
0.31117318435754193,3.6871508379888267,0.02041693499234108,0.5396323506482976
0.34134078212290503,3.6871508379888267,0.021037836713527346,0.5143309230411802
0.3715083798882681,3.6871508379888267,0.02169768754558764,0.48962704857550576
0.4016759776536313,3.6871508379888267,0.022400271071948863,0.46542387984851563
0.43184357541899443,3.6871508379888267,0.0231498773338071,0.44164443427745315
0.4620111731843576,3.6871508379888267,0.02395139050501393,0.41822733503846077
0.4921787709497206,3.6871508379888267,0.024810395433464725,0.39512392688032416
0.5223463687150838,3.6871508379888267,0.025733307961644122,0.37229633582927013
0.5525139664804469,3.6871508379888267,0.026727535457419547,0.349716208787635
0.5826815642458101,3.6871508379888267,0.027801676053822916,0.32736396951720204
0.6128491620111731,3.6871508379888267,0.02896576794338593,0.30522849076984215
0.6430167597765363,3.6871508379888267,0.03023160403910444,0.2833071240421985
0.6731843575418994,3.6871508379888267,0.03161313291197748,0.2616060572301424
0.7033519553072626,3.6871508379888267,0.033126974925498126,0.2401409911370822
0.7335195530726256,3.6871508379888267,0.0347930941238622,0.21893814081434115
0.7636871508379888,3.6871508379888267,0.036635683613259286,0.19803557786225645
0.7938547486033519,3.6871508379888267,0.03868434800585439,0.17748493426622258
0.8240223463687151,3.6871508379888267,0.04097570609614631,0.15735348420740547
0.8541899441340782,3.6871508379888267,0.04355559897899734,0.1377266015995667
0.8843575418994413,3.6871508379888267,0.04648218837534639,0.11871054681347455
0.9145251396648044,3.6871508379888267,0.0498303940297733,0.1004354466167143
0.9446927374301676,3.6871508379888267,0.05369839778292294,0.08305816311019011
0.9748603351955307,3.6871508379888267,0.05821743177816112,0.06676444390755393
0.1,3.854748603351955,0.01431008577848687,0.7709725787568389
0.13016759776536313,3.854748603351955,0.014668889972282703,0.7366746007595124
0.16033519553072625,3.854748603351955,0.015046149882666861,0.7054559241000693
0.19050279329608938,3.854748603351955,0.015443327050825899,0.6763899585318612
0.22067039106145253,3.854748603351955,0.015862041524839922,0.6489089448488193
0.2508379888268156,3.854748603351955,0.016304093946485215,0.6226349372507568
0.2810055865921788,3.854748603351955,0.016771491437076368,0.5973010871434501
0.31117318435754193,3.854748603351955,0.017266478067210524,0.5727105083186448
0.34134078212290503,3.854748603351955,0.01779157088622462,0.5487129200010645
0.3715083798882681,3.854748603351955,0.018349602732026824,0.5251905319197373
0.4016759776536313,3.854748603351955,0.018943773358168808,0.5020490998266454
0.43184357541899443,3.854748603351955,0.019577710826465308,0.47921205211028006
0.4620111731843576,3.854748603351955,0.020255545653113605,0.4566165368511178
0.4921787709497206,3.854748603351955,0.020982000910099302,0.4342107277248276
0.5223463687150838,3.854748603351955,0.021762502436491055,0.4119519944962313
0.5525139664804469,3.854748603351955,0.022603314598358824,0.38980569784562213
0.5826815642458101,3.854748603351955,0.023511708784648613,0.3677444615799148
0.6128491620111731,3.854748603351955,0.024496174233889518,0.3457478349464117
0.6430167597765363,3.854748603351955,0.025566684141062463,0.32380229839231167
0.6731843575418994,3.854748603351955,0.026735034728044726,0.3019015959690089
0.7033519553072626,3.854748603351955,0.028015281735417837,0.2800474015595411
0.7335195530726256,3.854748603351955,0.029424308634249777,0.2582503471905152
0.7636871508379888,3.854748603351955,0.03098257538768177,0.23653146163137995
0.7938547486033519,3.854748603351955,0.0327151184366305,0.21492408701247812
0.8240223463687151,3.854748603351955,0.03465290607346199,0.1934763597742961
0.8541899441340782,3.854748603351955,0.0368347058340142,0.17225435728608463
0.8843575418994413,3.854748603351955,0.03930970473285712,0.151346016492005
0.9145251396648044,3.854748603351955,0.04214126194349424,0.13086591213972423
0.9446927374301676,3.854748603351955,0.045412409252955706,0.11096091153129671
0.9748603351955307,3.854748603351955,0.04923412888878885,0.09181654526140925
0.1,4.022346368715084,0.012101952733200772,0.7889279470734409
0.13016759776536313,4.022346368715084,0.012405391263270192,0.7571462738362178
0.16033519553072625,4.022346368715084,0.01272443768089994,0.7281529525760668
0.19050279329608938,4.022346368715084,0.013060328002605297,0.7010950846292823
0.22067039106145253,4.022346368715084,0.013414432293219867,0.6754489828883129
0.2508379888268156,4.022346368715084,0.013788273344570568,0.6508649098486922
0.2810055865921788,4.022346368715084,0.014183548566977299,0.6270947648327534
0.31117318435754193,4.022346368715084,0.014602155757330792,0.6039542840027472
0.34134078212290503,4.022346368715084,0.015046223568986057,0.5813015612230925
0.3715083798882681,4.022346368715084,0.0155181477157771,0.5590240493886078
0.4016759776536313,4.022346368715084,0.01602063420987182,0.5370303025870763
0.43184357541899443,4.022346368715084,0.01655675128113793,0.5152445308656888
0.4620111731843576,4.022346368715084,0.017129992082066406,0.4936029106231282
0.4921787709497206,4.022346368715084,0.017744350885983775,0.472051042785239
0.5223463687150838,4.022346368715084,0.018404416292075478,0.45054219651685457
0.5525139664804469,4.022346368715084,0.019115486036725186,0.42903611787082707
0.5826815642458101,4.022346368715084,0.019883709489453914,0.40749826890627816
0.6128491620111731,4.022346368715084,0.020716265947787207,0.38589941836945063
0.6430167597765363,4.022346368715084,0.021621589682219777,0.36421554361050257
0.6731843575418994,4.022346368715084,0.02260965668603349,0.3424280328748298
0.7033519553072626,4.022346368715084,0.023692353813771418,0.3205242023724396
0.7335195530726256,4.022346368715084,0.024883959314495097,0.29849816698481946
0.7636871508379888,4.022346368715084,0.026201776054916217,0.27635212974590995
0.7938547486033519,4.022346368715084,0.027666977201238768,0.25409818558914277
0.8240223463687151,4.022346368715084,0.02930575245045291,0.23176077127032857
0.8541899441340782,4.022346368715084,0.03115088727244023,0.20937993730764803
0.8843575418994413,4.022346368715084,0.03324397882703803,0.187015669223917
0.9145251396648044,4.022346368715084,0.03563860958292072,0.16475354058895253
0.9446927374301676,4.022346368715084,0.038404999018681704,0.14271202661553584
0.9748603351955307,4.022346368715084,0.041637004130903224,0.12105181104504358
0.1,4.189944134078212,0.01023454801206034,0.8055397971656443
0.13016759776536313,4.189944134078212,0.010491164136182578,0.7761243352991508
0.16033519553072625,4.189944134078212,0.010760979756132029,0.7492386167452659
0.19050279329608938,4.189944134078212,0.011045040163577585,0.7240975099306356
0.22067039106145253,4.189944134078212,0.011344504014037762,0.7002180019075794
0.2508379888268156,4.189944134078212,0.011660659123322835,0.677276542760592
0.2810055865921788,4.189944134078212,0.011994940981043293,0.655042597885052
0.31117318435754193,4.189944134078212,0.01234895454251697,0.6333439005476864
0.34134078212290503,4.189944134078212,0.01272449999697309,0.6120466900883308
0.3715083798882681,4.189944134078212,0.013123603385067888,0.5910437324625695
0.4016759776536313,4.189944134078212,0.013548553164876201,0.5702466872351064
0.43184357541899443,4.189944134078212,0.014001944119784268,0.5495810490322236
0.4620111731843576,4.189944134078212,0.0144867303876631,0.5289826916032307
0.4921787709497206,4.189944134078212,0.015006289901234367,0.5083954550000207
0.5223463687150838,4.189944134078212,0.015564503210993256,0.48776944178173065
0.5525139664804469,4.189944134078212,0.016165850580461636,0.46705981810190567
0.5826815642458101,4.189944134078212,0.01681553249413933,0.4462259945598902
0.6128491620111731,4.189944134078212,0.01751962044039174,0.4252311127725036
0.6430167597765363,4.189944134078212,0.01828524723061118,0.40404179932935735
0.6731843575418994,4.189944134078212,0.019120849501798487,0.38262817653163994
0.7033519553072626,4.189944134078212,0.020036479894731195,0.3609641438778619
0.7335195530726256,4.189944134078212,0.021044213438024102,0.33902796923764267
0.7636871508379888,4.189944134078212,0.02215868306109043,0.3168032572462879
0.7938547486033519,4.189944134078212,0.023397794782145542,0.29428039803830897
0.8240223463687151,4.189944134078212,0.02478369706905873,0.2714586460249281
0.8541899441340782,4.189944134078212,0.026344116394821468,0.24834904101055022
0.8843575418994413,4.189944134078212,0.028114231225166163,0.22497846871512428
0.9145251396648044,4.189944134078212,0.03013935592880197,0.20139527170673888
0.9446927374301676,4.189944134078212,0.03247887469280098,0.17767697067956822
0.9748603351955307,4.189944134078212,0.03521216180980552,0.15394083840681858
0.1,4.35754189944134,0.00865529516768032,0.8208943752124598
0.13016759776536313,4.35754189944134,0.008872313867133068,0.7936959466695962
0.16033519553072625,4.35754189944134,0.009100495300134428,0.7687966374448554
0.19050279329608938,4.35754189944134,0.0093407234635077,0.7454736923163765
0.22067039106145253,4.35754189944134,0.00959397822519611,0.7232816808537503
0.2508379888268156,4.35754189944134,0.00986134868321809,0.7019214026467894
0.2810055865921788,4.35754189944134,0.010144048822429086,0.6811788166985582
0.31117318435754193,4.35754189944134,0.010443435943805203,0.660893092275793
0.34134078212290503,4.35754189944134,0.010761032456457062,0.6409384215299121
0.3715083798882681,4.35754189944134,0.011098551770677012,0.6212129746231413
0.4016759776536313,4.35754189944134,0.011457929221576405,0.6016318397101279
0.43184357541899443,4.35754189944134,0.011841359201724182,0.5821223186992438
0.4620111731843576,4.35754189944134,0.012251340007597086,0.5626206845701239
0.4921787709497206,4.35754189944134,0.01269072833640619,0.5430698845349416
0.5223463687150838,4.35754189944134,0.013162805946164582,0.5234178800218499
0.5525139664804469,4.35754189944134,0.01367136176855396,0.5036164334093343
0.5826815642458101,4.35754189944134,0.01422079382176799,0.48362022355467693
0.6128491620111731,4.35754189944134,0.014816236726685644,0.46338621855715023
0.6430167597765363,4.35754189944134,0.015463722658631444,0.4428732664662648
0.6731843575418994,4.35754189944134,0.01617038643033759,0.42204188964726264
0.7033519553072626,4.35754189944134,0.016944729499127033,0.40085429078803403
0.7335195530726256,4.35754189944134,0.01779696364344823,0.3792746016159698
0.7636871508379888,4.35754189944134,0.018739463842937808,0.35726943268721145
0.7938547486033519,4.35754189944134,0.01978737310857672,0.33480881805426643
0.8240223463687151,4.35754189944134,0.020959422265282177,0.31186769740918174
0.8541899441340782,4.35754189944134,0.022279059423065198,0.28842814778584314
0.8843575418994413,4.35754189944134,0.0237760347969916,0.26448267777413437
0.9145251396648044,4.35754189944134,0.025488670473786907,0.24003904503554563
0.9446927374301676,4.35754189944134,0.02746718730021407,0.21512727494041928
0.9748603351955307,4.35754189944134,0.02977871163405026,0.18980987415391815
0.1,4.525139664804469,0.007319730617452948,0.8350756825111343
0.13016759776536313,4.525139664804469,0.007503262015073653,0.8099482784793877
0.16033519553072625,4.525139664804469,0.007696233668739622,0.7869136614102072
0.19050279329608938,4.525139664804469,0.007899393169201706,0.7653065215185517
0.22067039106145253,4.525139664804469,0.008113569184835292,0.7447161730583987
0.2508379888268156,4.525139664804469,0.008339682759227744,0.7248660672938259
0.2810055865921788,4.525139664804469,0.00857876055200688,0.7055576553728822
0.31117318435754193,4.525139664804469,0.008831950424374364,0.6866410072761224
0.34134078212290503,4.525139664804469,0.009100539868479609,0.6679980704630655
0.3715083798882681,4.525139664804469,0.009385977905012754,0.6495324846871311
0.4016759776536313,4.525139664804469,0.009689901235137093,0.6311630504501031
0.43184357541899443,4.525139664804469,0.010014165643336268,0.6128193529627656
0.4620111731843576,4.525139664804469,0.010360883923785185,0.5944387183958613
0.4921787709497206,4.525139664804469,0.010732471967985583,0.5759640265979147
0.5223463687150838,4.525139664804469,0.011131705138780913,0.5573420938775436
0.5525139664804469,4.525139664804469,0.011561787712709486,0.5385224481390065
0.5826815642458101,4.525139664804469,0.012026439067077867,0.5194563841819383
0.6128491620111731,4.525139664804469,0.012530001519615114,0.5000962287054447
0.6430167597765363,4.525139664804469,0.01307757644440002,0.480394773111559
0.6731843575418994,4.525139664804469,0.013675197709278103,0.4603048538614123
0.7033519553072626,4.525139664804469,0.014330054945134755,0.4397790790612469
0.7335195530726256,4.525139664804469,0.015050784191055842,0.4187697194350405
0.7636871508379888,4.525139664804469,0.015847850892249386,0.3972288051284081
0.7938547486033519,4.525139664804469,0.016734061401239515,0.3751085008334898
0.8240223463687151,4.525139664804469,0.017725256263031397,0.35236187603203384
0.8541899441340782,4.525139664804469,0.01884126540201744,0.32894425300450547
0.8843575418994413,4.525139664804469,0.020107248394604257,0.3048154155931908
0.9145251396648044,4.525139664804469,0.021555613997061303,0.2799431171782817
0.9446927374301676,4.525139664804469,0.023228833674839904,0.25430857011260566
0.9748603351955307,4.525139664804469,0.02518367578150175,0.22791498420242684
0.1,4.692737430167598,0.006190251779297491,0.8481646635415916
0.13016759776536313,4.692737430167598,0.006345463168903775,0.8249670503519797
0.16033519553072625,4.692737430167598,0.006508658125779852,0.803677056019041
0.19050279329608938,4.692737430167598,0.006680468882888591,0.7836822896578934
0.22067039106145253,4.692737430167598,0.0068615962400480806,0.7646041903220702
0.2508379888268156,4.692737430167598,0.007052819118232804,0.7461872774406924
0.2810055865921788,4.692737430167598,0.007255005757261952,0.7282475427712936
0.31117318435754193,4.692737430167598,0.00746912689639047,0.7106454281461445
0.34134078212290503,4.692737430167598,0.00769627135991877,0.6932704139368577
0.3715083798882681,4.692737430167598,0.007937664575854268,0.6760316263905771
0.4016759776536313,4.692737430167598,0.008194690692441992,0.6588517954115104
0.43184357541899443,4.692737430167598,0.008468919135361968,0.6416631847878551
0.4620111731843576,4.692737430167598,0.008762136681831009,0.6244047367710817
0.4921787709497206,4.692737430167598,0.009076386436636547,0.6070199917277008
0.5223463687150838,4.692737430167598,0.009414015507299032,0.5894555171112728
0.5525139664804469,4.692737430167598,0.00977773373104872,0.5716596791989754
0.5826815642458101,4.692737430167598,0.010170686562710814,0.5535816503778079
0.6128491620111731,4.692737430167598,0.010596546274046856,0.5351705820000469
0.6430167597765363,4.692737430167598,0.011059627066168677,0.5163748976414135
0.6731843575418994,4.692737430167598,0.011565031744509813,0.4971416796657021
0.7033519553072626,4.692737430167598,0.012118840536295384,0.47741613703760755
0.7335195530726256,4.692737430167598,0.01272835688739127,0.4571411572216899
0.7636871508379888,4.692737430167598,0.013402431361323073,0.43625696260749247
0.7938547486033519,4.692737430167598,0.014151894212732925,0.4147009157238316
0.8240223463687151,4.692737430167598,0.014990141694437764,0.39240755261118365
0.8541899441340782,4.692737430167598,0.015933943853201432,0.36930897804644935
0.8843575418994413,4.692737430167598,0.017004577990164776,0.3453358428765211
0.9145251396648044,4.692737430167598,0.01822945199390275,0.3204192644437458
0.9446927374301676,4.692737430167598,0.01964448372510172,0.294494283606469
0.9748603351955307,4.692737430167598,0.021297681835993395,0.2675058416578351
0.1,4.860335195530726,0.005235058377657859,0.8602386631767253
0.13016759776536313,4.860335195530726,0.0053663197082847855,0.8388354792653594
0.16033519553072625,4.860335195530726,0.005504332693320846,0.819173260618204
0.19050279329608938,4.860335195530726,0.005649632008347401,0.8006883701812836
0.22067039106145253,4.860335195530726,0.00580281031551933,0.7830319447572633
0.2508379888268156,4.860335195530726,0.005964526343579564,0.7659680871399245
0.2810055865921788,4.860335195530726,0.006135514357676164,0.7493264177337553
0.31117318435754193,4.860335195530726,0.006316595306108217,0.7329772201399671
0.34134078212290503,4.860335195530726,0.0065086900009814165,0.7168172536274238
0.3715083798882681,4.860335195530726,0.006712834779327784,0.7007610920811622
0.4016759776536313,4.860335195530726,0.006930200206921447,0.6847355359502632
0.43184357541899443,4.860335195530726,0.007162113537539352,0.668675829527377
0.4620111731843576,4.860335195530726,0.007410085837834581,0.6525229853142092
0.4921787709497206,4.860335195530726,0.007675844949131725,0.6362218098157436
0.5223463687150838,4.860335195530726,0.007961375806022502,0.6197193840451884
0.5525139664804469,4.860335195530726,0.008268970101413786,0.6029638424887096
0.5826815642458101,4.860335195530726,0.008601287927369885,0.5859033479070921
0.6128491620111731,4.860335195530726,0.008961434901842336,0.5684851923816139
0.6430167597765363,4.860335195530726,0.00935305951854006,0.5506549762468661
0.6731843575418994,4.860335195530726,0.009780477189062907,0.532355831077277
0.7033519553072626,4.860335195530726,0.010248829924690511,0.5135276639338849
0.7335195530726256,4.860335195530726,0.010764294205286556,0.4941064100399226
0.7636871508379888,4.860335195530726,0.011334354898734226,0.4740232922175811
0.7938547486033519,4.860335195530726,0.0119681710856845,0.45320410056752347
0.8240223463687151,4.860335195530726,0.01267707189587861,0.43156852909079757
0.8541899441340782,4.860335195530726,0.013475239656132142,0.4090296438680854
0.8843575418994413,4.860335195530726,0.014380668450944833,0.38549362136055665
0.9145251396648044,4.860335195530726,0.015416536965419296,0.3608600053775137
0.9446927374301676,4.860335195530726,0.016613220716448492,0.3350229233627874
0.9748603351955307,4.860335195530726,0.018011320329988572,0.30787404338019075
